,namespace,user_id,type
0,abdiasmartins,eduprof.maria.elieusa.am,3
1,acessoalmirantetamandare,alini.gomes,40
2,acessoalmirantetamandare,amanda.marcella,40
3,acessoalmirantetamandare,bruno.francisco,7
4,acessoalmirantetamandare,daiany.souza,124
5,acessoalmirantetamandare,daniel.lourenco,45
6,acessoalmirantetamandare,decio.mazur,46
7,acessoalmirantetamandare,edson.geremias,110
8,acessoalmirantetamandare,elisangela.vanice,260
9,acessoalmirantetamandare,fernando.niles,388
10,acessoalmirantetamandare,franciele.rosa,38
11,acessoalmirantetamandare,gustavo.rodrigues,3
12,acessoalmirantetamandare,lucas.dos,121
13,acessoalmirantetamandare,luiz.paulo,44
14,acessoalmirantetamandare,luize.kristine,28
15,acessoalmirantetamandare,maikon.oliveira,182
16,acessoalmirantetamandare,maria.luiza,78
17,acessoalmirantetamandare,pedro.stival,2
18,acessoalmirantetamandare,rosele.maria,38
19,acessoalmirantetamandare,rosemari.laskos,1053
20,acessoalmirantetamandare,simone.adelaide,11
21,acessoalmirantetamandare,sirlei.da,697
22,acessoalmirantetamandare,ynajara.prado,4
23,acessoboqueirao,MauroCesar,303
24,acessoboqueirao,adriano.lima,8
25,acessoboqueirao,ana.maria,52
26,acessoboqueirao,anna.claudia,662
27,acessoboqueirao,braguim.ana,452
28,acessoboqueirao,cristofer.muller,5
29,acessoboqueirao,daniel.lourenco,193
30,acessoboqueirao,gessinguer.matheus,160
31,acessoboqueirao,guilherme.figura,1
32,acessoboqueirao,guilherme.ramos,41
33,acessoboqueirao,jucara.feitosa,1989
34,acessoboqueirao,lucas2021,37
35,acessoboqueirao,maria.luiza,87
36,acessoboqueirao,paulo.fabricio,17
37,acessoboqueirao,rafael.varistelo,2
38,acessoboqueirao,roseane.dalpiaz,1133
39,acessoboqueirao,simone.oliveira,2
40,acessoboqueirao,thaysa.franco,143
41,acessoboqueirao,thiago.mendes,2
42,acessoboqueirao,virginie.pierin,827
43,acessoboqueirao,william.robert,2
44,acessocampolargo,alessandro.correa,495
45,acessocampolargo,ana.ganassoli,7
46,acessocampolargo,cintia.lopes,353
47,acessocampolargo,cristiano.borges,857
48,acessocampolargo,daniel.lourenco,73
49,acessocampolargo,dulcineia.kempner,648
50,acessocampolargo,edmar.brustolin,273
51,acessocampolargo,everton.luis,978
52,acessocampolargo,gislaine.winheski,913
53,acessocampolargo,guilherme.dobrychtop,20
54,acessocampolargo,jaqueline.berton,251
55,acessocampolargo,mario.souza,126
56,acessocampolargo,roger.fernando,467
57,acessocampolargo,rosele.maria,293
58,acessocampolargo,ruan.antunes,3
59,acessocampolargo,rubens.labios,57
60,acessocampolargo,terezinha.salvador,40
61,acessocampolargo,valquiria.eloise,50
62,acessocampolargokids,ana.figueiredo,47
63,acessocampolargokids,ana.schneider,242
64,acessocampolargokids,caroline.drugik,144
65,acessocampolargokids,danielly.dorada,1049
66,acessocampolargokids,elisangela.marinhak,36
67,acessocampolargokids,mariacristina.matos,33
68,acessofazendariogrande,alessandro.correa,940
69,acessofazendariogrande,alexandre.luiz,18
70,acessofazendariogrande,alisson.da,16
71,acessofazendariogrande,andreia.farias,13
72,acessofazendariogrande,andreia.simone,1616
73,acessofazendariogrande,edmar.brustolin,689
74,acessofazendariogrande,elaine.vaz,95
75,acessofazendariogrande,guilherme.ieger,15
76,acessofazendariogrande,jean.carlos,21
77,acessofazendariogrande,jessica.thais,146
78,acessofazendariogrande,kelly.juliene,11
79,acessofazendariogrande,leonardo.jose,4
80,acessofazendariogrande,luiz.paulo,3
81,acessofazendariogrande,michele.pilato,62
82,acessofazendariogrande,paulo.fabricio,71
83,acessofazendariogrande,sergio.junior,261
84,acessofazendariogrande,sheila.marafigo,138
85,acessofazendariogrande,tatiane.cristina,188
86,acessofazendariogrande,thalyta.duma,17
87,acessofazendariogrande,william.robert,5
88,acessofazendariogrande,willian.gean,877
89,acessohauer,alexandre.luiz,1
90,acessohauer,amanda.coutinho,287
91,acessohauer,ana.maria,56
92,acessohauer,anna.claudia,88
93,acessohauer,braguim.ana,328
94,acessohauer,diego.godoy,577
95,acessohauer,emanuelle.cristiane,596
96,acessohauer,graciele.isabel,264
97,acessohauer,juliana.azevedo.oliveira,391
98,acessohauer,luciana.helena,822
99,acessohauer,mariana.lopes,11
100,acessohauer,mauro.cesar,413
101,acessohauer,morgana.brito,85
102,acessohauer,simone.adelaide,160
103,acessohauer,thaysa.franco,552
104,acessohauer,valquiria.eloise,94
105,acessohauer,william.robert,3
106,acessopinhais,edmar.brustolin,409
107,acessopinhais,elisa.sizenandop,120
108,acessopinhais,fernada.maccagnan,1447
109,acessopinhais,gessinguer.rodecz,43
110,acessopinhais,gilberto.alves,2
111,acessopinhais,guilherme.ieger,14
112,acessopinhais,iris.terezinha,1
113,acessopinhais,isabel.cristina,139
114,acessopinhais,jaqueline.castro,3
115,acessopinhais,joao.rodini,4
116,acessopinhais,luis.marafigo,7
117,acessopinhais,tauyllin.bruno,2
118,acessopinhais,thiago.mendes,2
119,acessosantafelicidade,alexandre.luiz,6
120,acessosantafelicidade,angelis.gabardo,435
121,acessosantafelicidade,bruna.sampaio,21
122,acessosantafelicidade,cintia.aparecida,65
123,acessosantafelicidade,cintia.meri,11
124,acessosantafelicidade,cristofer.muller,3
125,acessosantafelicidade,dayllem.aparecida,35
126,acessosantafelicidade,felipe.rodini,2
127,acessosantafelicidade,gustavo.felipe,1
128,acessosantafelicidade,joao.rodini,1
129,acessosantafelicidade,livia.santos,223
130,acessosantafelicidade,lucas.alberto,58
131,acessosantafelicidade,maria.luiza,729
132,acessosantafelicidade,neide.elizabeth,4
133,acessosantafelicidade,priscila.cavali,12
134,acessosantafelicidade,rosemeri.laskos,180
135,acessosantafelicidade,sandra.mara,155
136,acessosantafelicidade,silvana.sadzinski,61
137,acessosantafelicidade,simone.oliveira,2
138,acessosantafelicidade,tatiane.cristina,168
139,acessosantafelicidade,thiago.mayron,158
140,acessosantafelicidade,thiago.mendes,17
141,acessosantafelicidade,virginie.pierin,238
142,acessosantafelicidade,ynajara.prado,1
143,acessosjpinhais,adriano.maia,867
144,acessosjpinhais,allan.araujo,91
145,acessosjpinhais,amanda.zanatta,660
146,acessosjpinhais,andressa.silva,988
147,acessosjpinhais,bellin.matheus,36
148,acessosjpinhais,bharbara.lima,122
149,acessosjpinhais,decio.mazur,268
150,acessosjpinhais,edmar.brustolin,197
151,acessosjpinhais,felipe.lima,1
152,acessosjpinhais,felipe.moreno,88
153,acessosjpinhais,flavio.quadros,149
154,acessosjpinhais,franciele.moura,837
155,acessosjpinhais,gessinger.rodecz,34
156,acessosjpinhais,grasieli.santos,19
157,acessosjpinhais,guilherme.barbosa,295
158,acessosjpinhais,isabel.casarin,142
159,acessosjpinhais,jaqueline.antonio,182
160,acessosjpinhais,jessica.lesniowski,466
161,acessosjpinhais,jhulian.amaral,2199
162,acessosjpinhais,kelly.miranda,672
163,acessosjpinhais,luciana.mello,274
164,acessosjpinhais,marialuiza.oliveira,366
165,acessosjpinhais,mario.junior,224
166,acessosjpinhais,michele.almeida,80
167,acessosjpinhais,nathane.pacheco,130
168,acessosjpinhais,pauliane.ienkot,480
169,acessosjpinhais,rafael.floro,376
170,acessosjpinhais,siddhartha.giese,5
171,acessosjpinhais,suelem.antonio,295
172,acessosjpinhais,suelin.laurindo,4129
173,acessosjpinhais,valeria.cordeiro,159
174,acessosjpinhais,vanessa.greco,3915
175,adrianochan,Dulce.Lima,116
176,adrianochan,Gracileia.Moraes,207
177,adrianochan,case.vasconcellos,26
178,adrianochan,evaldo.almeida,611
179,adrianochan,octavio.da.matta,3
180,adrianochan,sandra.sakamoto,24
181,aescobjetivo,adriana.lopes,845
182,aescobjetivo,aline.scalon,15
183,aescobjetivo,ana.cecilia,564
184,aescobjetivo,anapaula.martins,418
185,aescobjetivo,bruno.andrade,1027
186,aescobjetivo,daniel.fernando,2832
187,aescobjetivo,denis.morasi,40
188,aescobjetivo,devalcir.antonio,51
189,aescobjetivo,diego.pires,236
190,aescobjetivo,joy.carpes,128
191,aescobjetivo,julia.benedetti,334
192,aescobjetivo,juliana.silas,405
193,aescobjetivo,luiz.tiago,96
194,aescobjetivo,luiza.santiago,47
195,aescobjetivo,maria.eunice,2871
196,aescobjetivo,maria.lucia,2052
197,aescobjetivo,marina.campos,1
198,aescobjetivo,raniery.rosa,24
199,aescobjetivo,rosina.muto,936
200,aescobjetivo,samira.fiorezi,2267
201,aescobjetivo,simone.barbosa,385
202,aescobjetivo,simone.lassala,2481
203,aescobjetivo,thais.pelaquim,1505
204,aescobjetivo,thiago.avansi,71
205,aescobjetivo,viviane.rosemeire,559
206,alpha,Anacarolinadefaria,24
207,alpha,Anapaulasantos,81
208,alpha,Arianenogueira,1094
209,alpha,Carlafernanda,597
210,alpha,Danielivilela,2024
211,alpha,Daniellamassarenti,101
212,alpha,Dirlenedousseau,524
213,alpha,Flaviaakiko,50
214,alpha,GabrielDelgado,147
215,alpha,GiselePampanini,14
216,alpha,Helanesouza,230
217,alpha,Joyceazevedo,5
218,alpha,Keilaantunes,123
219,alpha,Ligialozano,125
220,alpha,Marcoscorrea,67
221,alpha,Mariliaeira,167
222,alpha,Polianabittencourt,116
223,alpha,Regianeminas,70
224,alpha,VanessaNassif,148
225,alpha,anafazolli,50
226,alpha,andressaboschetti,8
227,alpha,educadorafisicamariana,271
228,alpha,fabioamonteiro,1
229,alpha,jportezani,2
230,alpha,limeliee,27
231,alpha,lucianafava,34
232,alpha,miyuki,73
233,alpha,primogerbelli,62
234,alpha,prof.alexandra,193
235,alpha,prof.arthur,36
236,alpha,prof.julio,45
237,alpha,professoralpha31,99
238,alpha,professoralpha32,83
239,alpha,robertaxlg,70
240,alpha,victorabr,157
241,alpha,viniciusbrito99,33
242,amadeus,ANDREZZA.SANTOS,267
243,amadeus,Andreluis,342
244,amadeus,Claudiomoreira,202
245,amadeus,DIEGO,3
246,amadeus,Eliziojunior,1
247,amadeus,Paulo.Rocha,2
248,amadeus,adriana.santos,3
249,amadeus,aline.grigorio,1461
250,amadeus,amadeus,3
251,amadeus,amandadonascimento,431
252,amadeus,anapaulajesus,358
253,amadeus,anazelia,432
254,amadeus,andrezaporto,1806
255,amadeus,anne.michelle,101
256,amadeus,anne.santos,3
257,amadeus,ashleytrindade,1
258,amadeus,bergsonalves,53
259,amadeus,brunnolliver,2
260,amadeus,brunoduarte,8
261,amadeus,caina.marques,300
262,amadeus,carla.santana,2692
263,amadeus,claudiaraujo,9
264,amadeus,claudiceia.melo,3050
265,amadeus,damarescampos,135
266,amadeus,daniela.tamires,372
267,amadeus,daniellefontes,384
268,amadeus,danycyn,1270
269,amadeus,daysepeixoto,1962
270,amadeus,debora.santos,191
271,amadeus,deywison,220
272,amadeus,edineide.silva,231
273,amadeus,edna.alves,6498
274,amadeus,eduardoluis,253
275,amadeus,elaine.aragao,2629
276,amadeus,elayne.franca,2053
277,amadeus,estefanni.silva,433
278,amadeus,fabiana.moura,331
279,amadeus,fabiodonascimento,4
280,amadeus,glaucia.santos,271
281,amadeus,glicia1978,332
282,amadeus,greyce.moura,748
283,amadeus,irisd,94
284,amadeus,itatiana.araujo,442
285,amadeus,izabella.matos,226
286,amadeus,jaeldson.aquino,27
287,amadeus,jonasramos,272
288,amadeus,katialeite,1146
289,amadeus,leilalima,1744
290,amadeus,lenilza.santos,18
291,amadeus,lidiane,3
292,amadeus,luana.andrade,2385
293,amadeus,lucasassis,31
294,amadeus,lucianodantas,451
295,amadeus,marcela.oliveira,4133
296,amadeus,marciavirginia,18
297,amadeus,mariavanessa,390
298,amadeus,monica.brito,621
299,amadeus,patriciafarias,148
300,amadeus,profgiovanni,68
301,amadeus,rafael.rocha,1735
302,amadeus,rafaelssouza,564
303,amadeus,reginacox,144
304,amadeus,renata.anchieta,429
305,amadeus,rigelrabelo,125
306,amadeus,robertogois,12
307,amadeus,rosseline.batinga,1992
308,amadeus,silviaoliveira,391
309,amadeus,silviovieira,501
310,amadeus,simonechagas,522
311,amadeus,sintiadias,336
312,amadeus,wilsonmontalvao,4
313,apogeustoantonio2,barbaracbb6,128
314,brasilcursinhos,ananiehues,5
315,brasilcursinhos,eduarda20,72
316,brasilcursinhos,eduardoc4,23
317,brasilcursinhos,eduardosn95,12
318,brasilcursinhos,ef.anaclara,17
319,brasilcursinhos,ef.anajulia,19
320,brasilcursinhos,ef.andre,3
321,brasilcursinhos,ef.angelise,4
322,brasilcursinhos,ef.cassio,58
323,brasilcursinhos,ef.fabiane,15
324,brasilcursinhos,ef.helena,1
325,brasilcursinhos,ef.matheus,18
326,brasilcursinhos,ef.pedrol,29
327,brasilcursinhos,ef.thais,20
328,brasilcursinhos,ef.vinicius,5
329,brasilcursinhos,gabrielems,3
330,brasilcursinhos,joao.vsv,5
331,brasilcursinhos,leticiasavaris,11
332,brasilcursinhos,liza.parente,5
333,brasilcursinhos,malupe,96
334,brasilcursinhos,pedro.figueiredo,26
335,brasilcursinhos,sarabncz,2
336,brasilcursinhos,sophiasaturnino,15
337,casdinhosjc,PedroAlcino,27
338,casdinhosjc,Telletubie,5
339,casdinhosjc,casdi155,2
340,casdinhosjc,casdi250,46
341,casdinhosjc,lara.maria,262
342,casdvest,Eduardovf,23
343,casdvest,ana.fazolli,26
344,casdvest,anapgarcia,41
345,casdvest,bragacaah,25
346,casdvest,gabriela.verza,18
347,casdvest,igormartins,101
348,casdvest,jeah.thais,1
349,casdvest,julianafelix,17
350,casdvest,kemerick,108
351,casdvest,marina.ferreira,2
352,casdvest,moniquegs90,94
353,casdvest,nagilabersot,14
354,casdvest,pramos,37
355,casdvest,yurishiba,2
356,cbpdigital,Nicolli,1
357,cbpdigital,allinyas52,9
358,cbpdigital,amanndaff26,3
359,cbpdigital,anacfd17,1
360,cbpdigital,brisalinaae77,4
361,cbpdigital,bruna.silva,317
362,cbpdigital,celidalva.cbp,6
363,cbpdigital,eliene.moura,199
364,cbpdigital,felipe.guerra,2
365,cbpdigital,isabel.andrade,14
366,cbpdigital,joao.rodrigues,155
367,cbpdigital,jonatas.costa,192
368,cbpdigital,kizzy.cbp,35
369,cbpdigital,liviamaraf,2
370,cbpdigital,maximiliano.cbp,12
371,cbpdigital,neide.cbp,128
372,cbpdigital,patricianeves.cbp,160
373,cbpdigital,rafael.cbp,107
374,cbpdigital,rayssa.araujo,204
375,cbpdigital,regiane.bastos,2
376,cbpdigital,samuel.cbp,518
377,cbpdigital,thaina.cbp,11
378,cbpdigital,vitoriahcs,12
379,ceabb,eufranio,188
380,ceabb,georgea,42
381,ceabb,luceliascoelho,956
382,ceabb,michelle.dario,8
383,ceabb,professora.caroline,200
384,ceabb,professora.nathalia,44
385,ceabb,profmarceli,105
386,ceabb,sildetecorreia,18
387,ceabb,tatianepaschoa,19
388,ceabb,tininhaduarte,1
389,ceespacolivre,Prof.andressa,386
390,ceespacolivre,Prof.liliani,27
391,ceespacolivre,Prof.marcia,138
392,ceespacolivre,Prof.patricia,355
393,ceespacolivre,prof.adriele,1221
394,ceespacolivre,prof.alaine,100
395,ceespacolivre,prof.alessandro,17
396,ceespacolivre,prof.bruna,378
397,ceespacolivre,prof.carol,239
398,ceespacolivre,prof.chimene,408
399,ceespacolivre,prof.cida,1341
400,ceespacolivre,prof.cristina,263
401,ceespacolivre,prof.franciele,10
402,ceespacolivre,prof.kecia,169
403,ceespacolivre,prof.keila,266
404,ceespacolivre,prof.marlene,210
405,ceespacolivre,prof.raiane,813
406,ceespacolivre,prof.ricardo,1
407,ceespacolivre,prof.roberta,220
408,ceespacolivre,prof.rossoni,9
409,ceespacolivre,prof.sandra,164
410,ceespacolivre,prof.telma,13
411,ceespacolivre,prof.thyara,331
412,ceespacolivre,prof.tiago,10
413,ceespacolivre,prof.valber,171
414,ceespacolivre,prof.veronica,29
415,ceespacolivre,prof.wirla,95
416,cem,adriana.frateschi,1
417,cem,adriano.bezerra,781
418,cem,alax.batista,3
419,cem,alessandra.frateschi,116
420,cem,alexandre.halliday,667
421,cem,antonio.filho,1608
422,cem,edson.silva,619
423,cem,erica.rocha,44
424,cem,fatima.santos,47
425,cem,giovanni.pandori,59
426,cem,javier.martinez,67
427,cem,karine.santos,1165
428,cem,larissa.pereira,242
429,cem,leandro.oliveira,6
430,cem,nair.luque,2
431,cem,pilar.frutoso,194
432,cem,raquel.junqueira,381
433,cem,rebecca.nova,1
434,cem,risolene.siqueira,54
435,cem,sonia.aguiar,843
436,cem,victor.haony,88
437,ceprimeiromundo,ewerton.barcellos,2598
438,ceprimeiromundo,pmundo.ana.almeida,556
439,ceprimeiromundo,pmundo.andre.santos,2
440,ceprimeiromundo,pmundo.angela.silva,2
441,ceprimeiromundo,pmundo.armstrong.fernandes,3
442,ceprimeiromundo,pmundo.bianca.reis,8
443,ceprimeiromundo,pmundo.carla.fuentes,54
444,ceprimeiromundo,pmundo.carlos.lima,161
445,ceprimeiromundo,pmundo.carolline.cabral,2
446,ceprimeiromundo,pmundo.cristiane.aburgele,90
447,ceprimeiromundo,pmundo.debora.meira,9
448,ceprimeiromundo,pmundo.edna.alves,406
449,ceprimeiromundo,pmundo.elaine.diniz,33
450,ceprimeiromundo,pmundo.ezimar.bravin,295
451,ceprimeiromundo,pmundo.fabio.silva,4
452,ceprimeiromundo,pmundo.fabio.vicentini,169
453,ceprimeiromundo,pmundo.glauciane.sousa,307
454,ceprimeiromundo,pmundo.isabela.borges,1
455,ceprimeiromundo,pmundo.jackeline.maia,70
456,ceprimeiromundo,pmundo.janaina.silva,98
457,ceprimeiromundo,pmundo.julio.almeida,55
458,ceprimeiromundo,pmundo.katia.guedes,854
459,ceprimeiromundo,pmundo.kleiser.mendonca,5
460,ceprimeiromundo,pmundo.lais.romao,4
461,ceprimeiromundo,pmundo.ligia.batista,1
462,ceprimeiromundo,pmundo.luana.barbosa,805
463,ceprimeiromundo,pmundo.luana.matos,688
464,ceprimeiromundo,pmundo.luciana.oliveira,408
465,ceprimeiromundo,pmundo.marcio.almeida,342
466,ceprimeiromundo,pmundo.marcio.vaccari,78
467,ceprimeiromundo,pmundo.marizol.arispe,72
468,ceprimeiromundo,pmundo.marta.wyk,83
469,ceprimeiromundo,pmundo.naara.relo,1094
470,ceprimeiromundo,pmundo.natalia.franco,204
471,ceprimeiromundo,pmundo.paulo.araujo,1
472,ceprimeiromundo,pmundo.raquel.co,1
473,ceprimeiromundo,pmundo.ricardo.toledo,170
474,ceprimeiromundo,pmundo.rogerio.almeida,336
475,ceprimeiromundo,pmundo.rubiani.santos,393
476,ceprimeiromundo,pmundo.sheila.santos,6
477,ceprimeiromundo,pmundo.tatiana.machado,221
478,ceprimeiromundo,pmundo.tiago.alvernaz,2
479,ceprimeiromundo,pmundo.veranice.holz,157
480,ceprimeiromundo,pmundo.wagner.goes,21
481,charlesdarwin,sas.professor,3
482,ciadosaber,07260028874,11
483,ciadosaber,31089545800,14
484,ciadosaber,44162305838,38
485,colegioarena,arena.murillo.oliveira,376
486,colegioarena,arena.prof.brenner,1
487,colegioarena,arena.prof.caius,3
488,colegioarena,arena.prof.carelli,122
489,colegioarena,arena.prof.fraga,1
490,colegioarena,arena.prof.gargano,1
491,colegioarena,arena.prof.greg,1
492,colegioarena,arena.prof.hudson,6
493,colegioarena,arena.prof.igor,172
494,colegioarena,arena.prof.jairo,4
495,colegioarena,arena.prof.jander,138
496,colegioarena,arena.prof.julio,13
497,colegioarena,arena.prof.lara,188
498,colegioarena,arena.prof.lorena,5
499,colegioarena,arena.prof.lutiano,354
500,colegioarena,arena.prof.milton,1
501,colegioarena,arena.prof.nathalia,1
502,colegioarena,arena.prof.noemy,313
503,colegioarena,arena.prof.ormezindo,49
504,colegioarena,arena.prof.pablo,2
505,colegioarena,arena.prof.paulo,319
506,colegioarena,arena.prof.romulo,14
507,colegioarena,arena.prof.rondinelli,1
508,colegioarena,arena.prof.rosselini,15
509,colegioarena,arena.prof.salomao,31
510,colegioarena,arena.prof.samuelnascimento,190
511,colegioarena,arena.prof.steger,142
512,colegioarena,arena.prof.stenio,25
513,colegioarena,arena.prof.taina,3
514,colegioarena,arena.prof.victor,236
515,colegioarena,arena.prof.vitim,49
516,colegioarena,arena.prof.william,12
517,colegioarena,arena.prof.yuri,4
518,colegioarena,arena.prof.zelaranja,2
519,colegioarena,arena.sarah.aee,1
520,colegiobatistaindependente,profcbidebora,3
521,colegiobatistaindependente,profcbijoao,56
522,colegiobatistaindependente,profcbiricardo,8
523,colegiobatistaindependente,profcbisilvana,43
524,colegiobetelbrasileirosp,adelaidecamilo,348
525,colegiobetelbrasileirosp,beteldiego,10
526,colegiobetelbrasileirosp,betelfabiana,177
527,colegiobetelbrasileirosp,betelprof1,2718
528,colegiobetelbrasileirosp,betelprof10,175
529,colegiobetelbrasileirosp,betelprof11,125
530,colegiobetelbrasileirosp,betelprof12,596
531,colegiobetelbrasileirosp,betelprof13,23
532,colegiobetelbrasileirosp,betelprof14,165
533,colegiobetelbrasileirosp,betelprof15,177
534,colegiobetelbrasileirosp,betelprof17,37
535,colegiobetelbrasileirosp,betelprof19,496
536,colegiobetelbrasileirosp,betelprof2,285
537,colegiobetelbrasileirosp,betelprof21,216
538,colegiobetelbrasileirosp,betelprof22,2164
539,colegiobetelbrasileirosp,betelprof24,707
540,colegiobetelbrasileirosp,betelprof25,30
541,colegiobetelbrasileirosp,betelprof27,249
542,colegiobetelbrasileirosp,betelprof28,17
543,colegiobetelbrasileirosp,betelprof29,1203
544,colegiobetelbrasileirosp,betelprof3,732
545,colegiobetelbrasileirosp,betelprof30,324
546,colegiobetelbrasileirosp,betelprof4,365
547,colegiobetelbrasileirosp,betelprof5,60
548,colegiobetelbrasileirosp,betelprof6,679
549,colegiobetelbrasileirosp,betelprof8,26
550,colegiobetelbrasileirosp,betelprof9,496
551,colegiobilac,Fabianomeneses,3
552,colegiobilac,Glauber,6
553,colegiobilac,Hannara,488
554,colegiobilac,bilac202096,37
555,colegiobilac,jassineide,1082
556,colegiobilac,joseanebispo,107
557,colegiobilac,jucimarjesus,745
558,colegiobilac,marcosazevedo,240
559,colegiobilac,patriciapedreira,1843
560,colegiobilac,thiagoborges,110
561,colegiobrasilia,aman.ferr.prof,167
562,colegiobrasilia,anaaves,4
563,colegiobrasilia,ange.cris.prof,113
564,colegiobrasilia,danielaescaleira,116
565,colegiobrasilia,dayanemillan,241
566,colegiobrasilia,diego.araujo,1
567,colegiobrasilia,diego.jeronymo,251
568,colegiobrasilia,fabiofachini,11
569,colegiobrasilia,gabi.oliveira,52
570,colegiobrasilia,gillozzi,133
571,colegiobrasilia,glau.fern,99
572,colegiobrasilia,joao.doni.brasilia,193
573,colegiobrasilia,joaoivan,24
574,colegiobrasilia,jugallerano,1
575,colegiobrasilia,kati.cris,964
576,colegiobrasilia,kelly.nadim,15
577,colegiobrasilia,lari.sous.prof,30
578,colegiobrasilia,lili.zuke.prof,41
579,colegiobrasilia,lore.oliv,44
580,colegiobrasilia,luan.fagu,13
581,colegiobrasilia,marc.souz.brasilia,107
582,colegiobrasilia,mariluci.prof,9
583,colegiobrasilia,marl.bozz,1
584,colegiobrasilia,mauricio0901,13
585,colegiobrasilia,mayn.oliv,442
586,colegiobrasilia,nich.raph,983
587,colegiobrasilia,pedrobrazinkas,714
588,colegiobrasilia,professorbrasilia08,489
589,colegiobrasilia,professorbrasilia13,1489
590,colegiobrasilia,raqu.schn.brasilia,120
591,colegiobrasilia,rena.oliv,16
592,colegiobrasilia,rodr.hila.brasilia,85
593,colegiobrasilia,roggers.brasilia,11
594,colegiobrasilia,shirley.neves,10
595,colegiobrasilia,simo.fati,154
596,colegiobrasilia,suelimartins,56
597,colegiobrasilia,tati.mari,1405
598,colegiobrasilia,viva.sant.prof,12
599,colegiobrasilia,wane.alve.prof,3
600,colegiocb,alesantana,772
601,colegiocb,cbarci,591
602,colegiocb,cbbarbara,976
603,colegiocb,cbcarvalho,624
604,colegiocb,cbedson,55
605,colegiocb,cbluis,1
606,colegiocb,cbmarcio,808
607,colegiocb,cbpatricia,404
608,colegiocb,cbpiccirillo,34
609,colegiocb,cbrosana,108
610,colegiocb,cbrubens,28
611,colegiocb,cbsilsan,752
612,colegiocb,cbsilvio,520
613,colegiocb,cbteixeira,13
614,colegiocb,cbthaline,87
615,colegiocb,cbvaldir,7
616,colegiodasamericas,JocarlaGomes,9
617,colegiodasamericas,ProfessoraDanielli,389
618,colegiodasamericas,ProfessoraIracema,192
619,colegiodasamericas,alinebenevides,290
620,colegiodasamericas,amanda.ps,1
621,colegiodasamericas,amandacerqueira,16
622,colegiodasamericas,amandapreisig,17
623,colegiodasamericas,antoniolessa,264
624,colegiodasamericas,debersonferreira,5
625,colegiodasamericas,deborahellen,1187
626,colegiodasamericas,felipesilva,1561
627,colegiodasamericas,fernanda.cordeiro,3
628,colegiodasamericas,giloliveira,1010
629,colegiodasamericas,glaucy.karol,602
630,colegiodasamericas,joao.barcossi,2
631,colegiodasamericas,leticia.ferreira,1005
632,colegiodasamericas,lorenzo.pellegatti,358
633,colegiodasamericas,lucasvivot,20
634,colegiodasamericas,michel.protazio,331
635,colegiodasamericas,nayaralorandi,71
636,colegiodasamericas,perolaferraz,228
637,colegiodasamericas,raphael.reishtatter,270
638,colegiodasamericas,renata.fecchio,1849
639,colegiodasamericas,renataferreira,289
640,colegiodasamericas,ricardosidney,4268
641,colegiodasamericas,rodrigo.franca,75
642,colegiodasamericas,sabrinabruscino,530
643,colegiodasamericas,viviane.medeiros,797
644,colegiodasamericas,willian.oliveira,38
645,colegioeag,ariana.almeida,56
646,colegioeag,carolina.nascimento,582
647,colegioeag,daniele.silva,222
648,colegioeag,eag.gilberto.osantos,3
649,colegioeag,eag.ivan.psantos,121
650,colegioeag,eag.jaqueline.santos,26
651,colegioeag,eag.jose.sterki,197
652,colegioeag,eag.liacristinovieira,820
653,colegioeag,eag.luiz.silva,6
654,colegioeag,eag.vanessa.sugihara,1378
655,colegioeag,eag.wagnermcunha,121
656,colegioeag,eag.yacov.rodrigues,20
657,colegioeag,eliete.freitas,106
658,colegioeag,elisete.rezende,59
659,colegioeag,fabiana.luz,1812
660,colegioeag,heloisa.santos,570
661,colegioeag,izabela.silveira,128
662,colegioeag,jeosaine.carvalho,140
663,colegioeag,juliana.ramos,213
664,colegioeag,leonardo.izabel,234
665,colegioeag,moroni.felix,164
666,colegioeag,norma.alcantara,3525
667,colegioeag,oilma.faria,61
668,colegioeag,raphael.azevedo,150
669,colegioeag,regina.simoes,344
670,colegioeag,roseane.rodrigues,406
671,colegioeag,sarah.elizabeth,208
672,colegioeag,sarah.lira,146
673,colegioeag,sonia.alexandr,203
674,colegioeag,vitor.melo,249
675,colegioecursodesafio,Andreluiz,655
676,colegioecursodesafio,Dayannealves,130
677,colegioecursodesafio,FabianaMaria,6
678,colegioecursodesafio,Fernandacarla,66
679,colegioecursodesafio,RosileideFelix,3
680,colegioecursodesafio,SilvanaMaria,13
681,colegioecursodesafio,Vanialucia,186
682,colegioecursodesafio,alinedesafio,123
683,colegioecursodesafio,annagabriella,23
684,colegioecursodesafio,brunotrindade,1
685,colegioecursodesafio,erikafalcao,73
686,colegioecursodesafio,filipedesafio,16
687,colegioecursodesafio,flaviomandu,815
688,colegioecursodesafio,gerusadesafio,55
689,colegioecursodesafio,juliaaraujo,44
690,colegioecursodesafio,lucianodesafio,10
691,colegioecursodesafio,luisgustavoleitao,27
692,colegioecursodesafio,luiz.santos,23
693,colegioecursodesafio,marcelesantos,46
694,colegioecursodesafio,naiadimoura,472
695,colegioecursodesafio,niviadelmiro,2
696,colegioecursodesafio,polianadesafio,858
697,colegioecursodesafio,profjosecarlos,22
698,colegioecursodesafio,profraquelbrandao,32
699,colegioecursodesafio,rafaelsoares,1
700,colegioecursodesafio,thainaazevedo,70
701,colegioecursodesafio,thiago126,49
702,colegioecursodesafio,thiagonascimento,57
703,colegioecursodesafio,victorcesar,796
704,colegioecursodesafio,werner,42
705,colegioecursoprogressao,DanieleVaranda,210
706,colegioecursoprogressao,NataliaLacerda,4
707,colegioecursoprogressao,adonismj71,10
708,colegioecursoprogressao,brayanc1,221
709,colegioecursoprogressao,danielbiancardi,77
710,colegioecursoprogressao,leobarboza,8
711,colegioecursoprogressao,marlonpdp30,2
712,colegioecursoprogressao,prof.Fenelon,1
713,colegioecursoprogressao,profthiagoalmeida,8
714,colegioecursoprogressao,reginabatista,1495
715,colegioecursoprogressao,rodrigoalberiz,1
716,colegioeducallis,alessandra2019,15
717,colegioeducallis,alvaro.maio,51
718,colegioeducallis,anaraissa.gomes,450
719,colegioeducallis,andrea.leis,92
720,colegioeducallis,brendel.lima,272
721,colegioeducallis,claudiaeline.rocha,669
722,colegioeducallis,edvan.ribeiro,779
723,colegioeducallis,fabiano.viana,24
724,colegioeducallis,fabioarturisis1,290
725,colegioeducallis,fernanda.graca,658
726,colegioeducallis,francisco.feitosa,508
727,colegioeducallis,giovanni.araujo,4
728,colegioeducallis,gracilea.boaz,825
729,colegioeducallis,joaocln3,4
730,colegioeducallis,jonathas.silva,28
731,colegioeducallis,juan2019,3
732,colegioeducallis,kenia.azevedo,208
733,colegioeducallis,leandro82,997
734,colegioeducallis,leobino.neto,5
735,colegioeducallis,lucelia.nascimento,282
736,colegioeducallis,manuca,91
737,colegioeducallis,marcio.durans,90
738,colegioeducallis,maria.leite,155
739,colegioeducallis,mayara.santos,1068
740,colegioeducallis,miryan.campos,1107
741,colegioeducallis,nivaldo.junior,154
742,colegioeducallis,palloma.bastos,102
743,colegioeducallis,priscila.menezes,188
744,colegioeducallis,priscillarsa45,431
745,colegioeducallis,raissa.sousa,136
746,colegioeducallis,regina.sarmento,744
747,colegioeducallis,rose.ferreira,40
748,colegioeducallis,rubemgoulart2014,16
749,colegioeducallis,ruteamorim,2713
750,colegioeducallis,safira.barros,312
751,colegioeducallis,sanleyviegas,36
752,colegioeducallis,sheilacbogea,663
753,colegioeducallis,supervisaofe,293
754,colegioeducallis,tereza.nunes,27
755,colegioeducallis,thacyane.reis,1712
756,colegioeducallis,thainara.monteiro,5
757,colegioeducallis,valdirene.conceicao,483
758,colegioeducallis,yuri.carvalhal,158
759,colegioensitec,aion.roloff,626
760,colegioensitec,andrea.capel,294
761,colegioensitec,prof.alan.dias,535
762,colegioensitec,prof.andrea.menighini,93
763,colegioensitec,prof.andressa.ribeiro,843
764,colegioensitec,prof.bruna.souza,94
765,colegioensitec,prof.caroline.chyla,591
766,colegioensitec,prof.daiany.dobuchak,351
767,colegioensitec,prof.elizandra.cruz,886
768,colegioensitec,prof.flavia.motta,99
769,colegioensitec,prof.guilherme.santos,353
770,colegioensitec,prof.jaqueline.santos,493
771,colegioensitec,prof.jean.mori,8
772,colegioensitec,prof.juliana.cegatte,8
773,colegioensitec,prof.juliana.rosa,1140
774,colegioensitec,prof.lilian.moreira,1161
775,colegioensitec,prof.livia.melo,20
776,colegioensitec,prof.terezinha.salvador,20
777,colegioensitec,prof.thalita.bavaresco,314
778,colegioensitec,prof.thiago.silva,36
779,colegioensitec,prof.willian.melo,1223
780,colegioflamingo,brenda.goncalves,205
781,colegioflamingo,brunosouza10,6
782,colegioflamingo,eduardo.filho,2
783,colegioflamingo,erika.santos,8
784,colegioflamingo,lennon.luiz,45
785,colegioflamingo,niltoncm79,2
786,colegioflamingo,rodrigoruivo10,1915
787,colegiofuturageracao,bruna.bandeira,184
788,colegiofuturageracao,cfg.anapaula,342
789,colegiofuturageracao,cfg.daniela,271
790,colegiofuturageracao,cfg.edson,3
791,colegiofuturageracao,cfg.heitor,1
792,colegiofuturageracao,cfg.jessica,169
793,colegiofuturageracao,cfg.mateus,410
794,colegiofuturageracao,cfg.pedro,61
795,colegiofuturageracao,cfg.renata,43
796,colegiofuturageracao,cfg.sonia,30
797,colegiofuturageracao,cfg.tatiana,15
798,colegiofuturageracao,maria.sugobono,634
799,colegioglobal,amanda.mota,59
800,colegioglobal,claudio.bezerra,69
801,colegioglobal,ilka.barbosa,7
802,colegioglobal,karla.trinta,1422
803,colegioglobal,keli.brito,201
804,colegioglobal,lilian.carla,216
805,colegioglobal,livia.alfonsi,22
806,colegioglobal,mara.bento,31
807,colegioglobal,patricia.fabeni,260
808,colegioglobal,ricardo.inoue,63
809,colegioglobal,thiago.carvalho,92
810,colegioglobal,tulio.pena,202
811,colegioglobal,vanessa.guerra,369
812,colegioguilhermedealmeida,Nikki,138
813,colegioguilhermedealmeida,adrianakeith,223
814,colegioguilhermedealmeida,alexandrearrigone,58
815,colegioguilhermedealmeida,anapaulaneves,42
816,colegioguilhermedealmeida,andremagico,6
817,colegioguilhermedealmeida,angelicarocha,1885
818,colegioguilhermedealmeida,biancacultura,62
819,colegioguilhermedealmeida,brunagouveia,43
820,colegioguilhermedealmeida,caio.batista,26
821,colegioguilhermedealmeida,carolinaramos,1318
822,colegioguilhermedealmeida,cassioribeiro,13
823,colegioguilhermedealmeida,cristianerorato,3504
824,colegioguilhermedealmeida,cristinabrites,77
825,colegioguilhermedealmeida,daniellemdc,782
826,colegioguilhermedealmeida,danielrplacido,458
827,colegioguilhermedealmeida,danilocavalcante,20
828,colegioguilhermedealmeida,emmanuelguimaraes,244
829,colegioguilhermedealmeida,fabioapmonteiro,66
830,colegioguilhermedealmeida,gianpaolo.ferracciu,182
831,colegioguilhermedealmeida,grazieladasneves,242
832,colegioguilhermedealmeida,grazielagaspar,9612
833,colegioguilhermedealmeida,guilhermetohi,113
834,colegioguilhermedealmeida,gustavo.caldas,15
835,colegioguilhermedealmeida,iristrevisan,150
836,colegioguilhermedealmeida,isabellacosta,644
837,colegioguilhermedealmeida,julianagarbulho,779
838,colegioguilhermedealmeida,larissamabello,1801
839,colegioguilhermedealmeida,leandro.martins,120
840,colegioguilhermedealmeida,lucasaraujo,10
841,colegioguilhermedealmeida,lucianacravero,2271
842,colegioguilhermedealmeida,luciliaisabel,1097
843,colegioguilhermedealmeida,luicascarlos,321
844,colegioguilhermedealmeida,luizfernandoleite,56
845,colegioguilhermedealmeida,marciocorrea,4
846,colegioguilhermedealmeida,mauriciobitencourt,70
847,colegioguilhermedealmeida,michelalves,6151
848,colegioguilhermedealmeida,nataliagarcia,15
849,colegioguilhermedealmeida,nataliateixeira,108
850,colegioguilhermedealmeida,pedrohenriqueverdan,13
851,colegioguilhermedealmeida,priscila.franca,104
852,colegioguilhermedealmeida,rafaela.constant,30
853,colegioguilhermedealmeida,rafaelpirata,61
854,colegioguilhermedealmeida,simonecristina,225
855,colegioguilhermedealmeida,simonenunes,4489
856,colegioguilhermedealmeida,solangeaparecida,2012
857,colegioguilhermedealmeida,talitateixeira,3313
858,colegioguilhermedealmeida,tatiana.costa,52
859,colegioguilhermedealmeida,vanessacurriel,3366
860,colegioiguatemy,PriscillaLisboa1,80
861,colegioiguatemy,clarianaro54,619
862,colegioiguatemy,profig01,796
863,colegioiguatemy,profig02,1628
864,colegioiguatemy,profig04,3
865,colegioiguatemy,profig06,24
866,colegioiguatemy,profig07,98
867,colegioiguatemy,profig09,179
868,colegioiguatemy,profig10,316
869,colegioiguatemy,profig11,768
870,colegioiguatemy,profig12,177
871,colegioiguatemy,profig16,47
872,colegioiguatemy,profig17,845
873,colegioiguatemy,profig18,1862
874,colegioiguatemy,profig22,52
875,colegioiguatemy,profig23,21
876,colegioiguatemy,profig24,2234
877,colegioiguatemy,profig25,39
878,colegioiguatemy,profig26,40
879,colegioiguatemy,profig27,410
880,colegioiguatemy,profig31,109
881,colegioiguatemy,profig37,60
882,colegioiguatemy,williamzr82,1
883,colegiointegral,RodrigoLima,18
884,colegiointegral,adroaldolima,98
885,colegiointegral,agama,1
886,colegiointegral,alexandrasantos,60
887,colegiointegral,anacd34,127
888,colegiointegral,arianepeixoto,84
889,colegiointegral,barbaraportela,83
890,colegiointegral,bartilotti,2
891,colegiointegral,brunolar78,3
892,colegiointegral,carine2019,67
893,colegiointegral,catianemonteiro,69
894,colegiointegral,cbrito,462
895,colegiointegral,claudiakids63,42
896,colegiointegral,dejesus,11
897,colegiointegral,deysemiranda14,131
898,colegiointegral,eduardoluis2,22
899,colegiointegral,fernandagermano,43
900,colegiointegral,flaviana19,37
901,colegiointegral,gideonmuniz,62
902,colegiointegral,gsantino,2
903,colegiointegral,ilanaguimaraes,120
904,colegiointegral,isaiza,9
905,colegiointegral,julianadiasintegral,1
906,colegiointegral,ksobrinho,108
907,colegiointegral,leilabortolucci,6
908,colegiointegral,lidiagoncalves,3
909,colegiointegral,marcioaurelyano,23
910,colegiointegral,meiremartins,86
911,colegiointegral,pcarvalho,202
912,colegiointegral,pcorreia,599
913,colegiointegral,protelma,198
914,colegiointegral,rafaelrangel,5
915,colegiointegral,rebecakelly,17
916,colegiointegral,rgonzalez,5
917,colegiointegral,robsonsilva2,5
918,colegiointegral,roquelinaitaia,176
919,colegiointegral,selmacarvalho,1028
920,colegiointegral,sergiomagalhaes,13
921,colegiointegral,teresaveloso,399
922,colegiointegral,tfreitas,208
923,colegiointegral,tormundo,5
924,colegiointegral,vladmir,35
925,colegiointegral,wendelgomes,9
926,colegiointegral,wladmirbezerra,141
927,colegiojoaopaulo,adriana.rita,802
928,colegiojoaopaulo,alex.soares,54
929,colegiojoaopaulo,aliene.pinto,60
930,colegiojoaopaulo,aline.costa,401
931,colegiojoaopaulo,amanda.ayres,901
932,colegiojoaopaulo,ana.marson,254
933,colegiojoaopaulo,andressa.campezato,1059
934,colegiojoaopaulo,carla.bavaresco,265
935,colegiojoaopaulo,carlos.leandro,2
936,colegiojoaopaulo,cintia.regina,65
937,colegiojoaopaulo,claudia.regina,52
938,colegiojoaopaulo,claudia.schneider,322
939,colegiojoaopaulo,denise.laitano,126
940,colegiojoaopaulo,diego.angelos,511
941,colegiojoaopaulo,eliete.lucia,470
942,colegiojoaopaulo,eneida.marques,172
943,colegiojoaopaulo,eva.maria,1909
944,colegiojoaopaulo,fabiane.campos,966
945,colegiojoaopaulo,gabriel.aimi,289
946,colegiojoaopaulo,gilson.brisolara,5
947,colegiojoaopaulo,grace.costa,1209
948,colegiojoaopaulo,henrique.aro,90
949,colegiojoaopaulo,izabela.espindola,195
950,colegiojoaopaulo,jones.ferreira,42
951,colegiojoaopaulo,katia.dalbem,672
952,colegiojoaopaulo,kerolin.correa,141
953,colegiojoaopaulo,laura.antunes,3
954,colegiojoaopaulo,lisiane.maria,4
955,colegiojoaopaulo,luana.peres,182
956,colegiojoaopaulo,luciano.machado,1
957,colegiojoaopaulo,marcelo.nunes,76
958,colegiojoaopaulo,marcos.santos,50
959,colegiojoaopaulo,marta.lima,265
960,colegiojoaopaulo,martha.rheingantz,4
961,colegiojoaopaulo,matheus.luz,3
962,colegiojoaopaulo,oliver.goulart,57
963,colegiojoaopaulo,paula.albiero,132
964,colegiojoaopaulo,paulo.castro,5
965,colegiojoaopaulo,pedro.grunberg,75
966,colegiojoaopaulo,renata.cruz,37
967,colegiojoaopaulo,roberta.silva,240
968,colegiojoaopaulo,sabrina.rocha,512
969,colegiojoaopaulo,thais.presa,534
970,colegioliceu,sas1274544,36
971,colegioplanck,adriano.guimaraes,21
972,colegioplanck,ana.caetano,21
973,colegioplanck,ana.ribeiro,39
974,colegioplanck,bruna.alves,6
975,colegioplanck,cintia.rodrigues,386
976,colegioplanck,darci.baptista,1688
977,colegioplanck,fernando.saraiva,617
978,colegioplanck,joao.ernesto,19
979,colegioplanck,jose.vagner,5
980,colegioplanck,josias.ribeiro,3
981,colegioplanck,juliana.paiva,45
982,colegioplanck,karyne.maurmann,309
983,colegioplanck,ligia.goncalves,5
984,colegioplanck,lucas.teraoka,372
985,colegioplanck,luciana.arruda,348
986,colegioplanck,luciana.castro,1132
987,colegioplanck,luiz.stocco,424
988,colegioplanck,marcia.miriam,1329
989,colegioplanck,martha.cancela,326
990,colegioplanck,regina.vigano,672
991,colegioplanck,robson.magri,5
992,colegioplanck,sandra.boiago,2210
993,colegioplanck,sergio.coelho,68
994,colegioplanck,talitha.oliveira,3
995,colegioplanck,tarcisio.philips,187
996,colegioplanck,tatiana.andrade,30
997,colegioplanck,victor.amorim,672
998,colegiopremium,Andre.marques,14
999,colegiopremium,Andre.simoes,47
1000,colegiopremium,Fabiany.Catunda,27
1001,colegiopremium,Karoline.Amorim,12
1002,colegiopremium,Paula.silva,63
1003,colegiopremium,adriele.silva,10
1004,colegiopremium,anderson.kleyton,1
1005,colegiopremium,caroline.rocha,24
1006,colegiopremium,cassio.souza,4
1007,colegiopremium,diego.santos,87
1008,colegiopremium,ederson.santos,5
1009,colegiopremium,estevao.farias,263
1010,colegiopremium,francisco.neto,283
1011,colegiopremium,gustavo.capela,8
1012,colegiopremium,iara.bentes,515
1013,colegiopremium,jean.silva,23
1014,colegiopremium,jocimar.xavier,32
1015,colegiopremium,jose.costa,2
1016,colegiopremium,jose.mendes,94
1017,colegiopremium,kellen.souza,61
1018,colegiopremium,leonidas.matta,2
1019,colegiopremium,massila.guedes,102
1020,colegiopremium,melquisedeque.campos,1
1021,colegiopremium,pantoja.kaio,19
1022,colegiopremium,priscila.brito,28
1023,colegiopremium,renan.batista,15
1024,colegiopremium,vanessa.galvao,6
1025,colegiopremium,yasmin.calado,8
1026,colegiosete,Kessia,605
1027,colegiosete,aline.figueiredo,53
1028,colegiosete,andreiacarmo,4
1029,colegiosete,andrey.oliveira,13
1030,colegiosete,diogosouza,725
1031,colegiosete,flavio.oliveira,28
1032,colegiosete,gloria.aline,209
1033,colegiosete,joelmaejmel,2
1034,colegiosete,marlinha85,1103
1035,colegiosete,stelle.costa,124
1036,colegiosete,valquiria.silva,233
1037,colegiosete,viviany.lira,160
1038,colegiosete,wilmacf43,138
1039,colegiouirapuru,andre.silva2,42
1040,colegiouirapuru,bruna.domingues,210
1041,colegiouirapuru,esther.guastella,3190
1042,colegiouirapuru,gabriela.antonio,414
1043,colegiouirapuru,guilherme.soto,280
1044,colegiouirapuru,jean.cardoso,258
1045,colegiouirapuru,prof.carlos.guariglia,15
1046,colegiouirapuru,prof.gustavo.marichal,1
1047,colegiouirapuru,prof.marcelo.morandi,34
1048,colegiouirapuru,rafael.pacce,1110
1049,colegiouirapuru,tatiana.pasin,1198
1050,colegiouniverso,UNIVERSO.ARNOL.ROSA,181
1051,colegiouniverso,abner.souza,41
1052,colegiouniverso,andre.gatinho,15
1053,colegiouniverso,bruno.barreto,11
1054,colegiouniverso,carolina.menezes,84
1055,colegiouniverso,daisy.macedo,1
1056,colegiouniverso,daniel.carmo,21
1057,colegiouniverso,glaucia.mirandil,1
1058,colegiouniverso,gleice.machado,12
1059,colegiouniverso,jessica.suelem,371
1060,colegiouniverso,jose.ribamar,7
1061,colegiouniverso,julio.costa,70
1062,colegiouniverso,luiz.antonio,150
1063,colegiouniverso,marcelo.nazare,620
1064,colegiouniverso,ribamar.costa,151
1065,colegiouniverso,ricardo.pontes,1
1066,colegiouniverso,rosa.vieira,298
1067,colegiouniverso,victor.oliveira,7
1068,colegioup,prof0084,156
1069,colegioup,prof081,29
1070,colegioup,prof85,547
1071,colegioup,profup01,182
1072,colegioup,profup02,13
1073,colegioup,profup03,121
1074,colegioup,profup04,651
1075,colegioup,profup07,5337
1076,colegioup,profup08,601
1077,colegioup,profup10,240
1078,colegioup,profup12,587
1079,colegioup,profup13,1931
1080,colegioup,profup14,783
1081,colegioup,profup16,3501
1082,colegioup,profup20,539
1083,colegioup,profup21,544
1084,colegioup,profup22,1
1085,colegioup,profup25,1
1086,colegioup,profup27,1
1087,colegioup,profup30,133
1088,colegioup,profup32,2441
1089,colegioup,profup34,833
1090,colegioup,profup35,1119
1091,colegioup,profup38,958
1092,colegioup,profup39,30
1093,colegioup,profup40,165
1094,colegioup,profup41,11
1095,colegioup,profup42,3206
1096,colegioup,profup43,12
1097,colegioup,profup44,1975
1098,colegioup,romulo.bolivar,613
1099,conexaosaber,barbarabraga,11
1100,conexaosaber,brunogustavo,10
1101,conexaosaber,clarissad,35
1102,conexaosaber,cynara.professora,24
1103,conexaosaber,fabiulosilva,2
1104,conexaosaber,francosta,2
1105,conexaosaber,heloisateixeira,10
1106,conexaosaber,inacioluz,38
1107,conexaosaber,jean.amorim,18
1108,conexaosaber,karineuchoa15,16
1109,conexaosaber,marcosmiranda1808,79
1110,conexaosaber,neidenobre,144
1111,conexaosaber,paulabarbosasouza,37
1112,conexaosaber,rebecapessoa,2177
1113,conexaosaber,sarahalice,55
1114,conexaosaber,valeria.marjorie,1
1115,conexaosaber,viviansousa.chan,715
1116,conradochaves,edu.rita.de.ca,30
1117,crescercampinas,LeticiaCeschi,360
1118,crescercampinas,pallomafavarrao,100
1119,crescercampinas,pedroneves,661
1120,crescercampinas,profadrieltorres,683
1121,crescercampinas,profafabi,321
1122,crescercampinas,profbrendatacchelli,698
1123,crescercampinas,profbrenocaetano,3
1124,crescercampinas,profcristianohorta,1
1125,crescercampinas,profdilersantos,7
1126,crescercampinas,profdoni,304
1127,crescercampinas,profgabriellima,144
1128,crescercampinas,profgiovanamattoso,146
1129,crescercampinas,profgraziellezappa,1072
1130,crescercampinas,profjonasmarques,30
1131,crescercampinas,profluisgcalliman,9
1132,crescercampinas,profmanuelnegrete,15
1133,crescercampinas,profmarcospaulo,698
1134,crescercampinas,profmarcosreis,138
1135,crescercampinas,profmauriciomeyer,41
1136,crescercampinas,profmilenabetoncelli,64
1137,crescercampinas,profmonicasp,87
1138,crescercampinas,profmurilopanzarin,13
1139,crescercampinas,profpriscilatae,326
1140,crescercampinas,profviniciusvonah,156
1141,crescercampinas,teixeirafisca,14
1142,crescercampinas,thaisserafim,1822
1143,cursobase,ProfessoraVeronica,371
1144,cursobase,anap.lima,69
1145,cursobase,bruno.cardozo,11
1146,cursoenfase,eurico.lucas,8
1147,cursoisfera,a.perimm,8
1148,cursoisfera,barbara.beloti,183
1149,cursoisfera,guijf.augusto,7
1150,cursoisfera,julio.cesara,5
1151,cursoisfera,luis.dadalti,10
1152,cursoisfera,mp.leandro,31
1153,cursosazambuja,profaza25,1
1154,dante,sas1549651,1
1155,deltaeducacional,deltaahmad.abdul,4
1156,deltaeducacional,deltajose.alberto,72
1157,deltaeducacional,deltamatheus.rodrigues,104
1158,deltaeducacional,deltaotavio.laraia,10
1159,deltaeducacional,deltarodrigo.lima,61
1160,deltaeducacional,deltarogger.diego,19
1161,deltaeducacional,deltavalter.paulo,21
1162,eacorcovado,eacalbakoschorke,40
1163,eacorcovado,eacalexandrecoelho,561
1164,eacorcovado,eacanacastro,1230
1165,eacorcovado,eacanagarcia,277
1166,eacorcovado,eacandrebasseres,297
1167,eacorcovado,eacandreklevenhusen,53
1168,eacorcovado,eacarmandotramontano,32
1169,eacorcovado,eacbarbaralau,1
1170,eacorcovado,eaccarinadiniz,470
1171,eacorcovado,eaccarloslima,191
1172,eacorcovado,eacchristinealt,114
1173,eacorcovado,eacdeborabraga,1
1174,eacorcovado,eacdeboralinhares,409
1175,eacorcovado,eacdeisehoffmann,18
1176,eacorcovado,eacdenisemachado,158
1177,eacorcovado,eaceduardojunior,31
1178,eacorcovado,eacetheldriesen,153
1179,eacorcovado,eacfabiomercon,50
1180,eacorcovado,eachellendutra,156
1181,eacorcovado,eacisabelabustamante,7
1182,eacorcovado,eacivanmillarch,5
1183,eacorcovado,eacjanainasilva,898
1184,eacorcovado,eacjoaochaves,6
1185,eacorcovado,eacjohannbecker,83
1186,eacorcovado,eacjuliacarvalho,1903
1187,eacorcovado,eackatiamamede,4
1188,eacorcovado,eacluisaalves,1421
1189,eacorcovado,eacluizamattos,105
1190,eacorcovado,eacmarcelolopes,362
1191,eacorcovado,eacmarcelomorais,131
1192,eacorcovado,eacpatriciawerner,76
1193,eacorcovado,eacpaulojunior,58
1194,eacorcovado,eacrobsonconceicao,368
1195,eacorcovado,eacsergioduque,379
1196,eacorcovado,eacthaislima,159
1197,eacorcovado,eacverenaalberti,17
1198,eacorcovado,eacwagnersilva,595
1199,eacorcovado,goliveira,341
1200,eacorcovado,hribeiro,819
1201,eacorcovado,rribeiroeduqo,274
1202,eacorcovado,sherkenhoff,1
1203,eacorcovado,tborges,25
1204,eacorcovado,tmiranda,7
1205,eccos,AngelicaBonanno,17
1206,eccos,DTO,790
1207,eccos,Lucianafoloni,777
1208,eccos,LucianoLopes,70
1209,eccos,alanaturetta,894
1210,eccos,alinematsushita,809
1211,eccos,anetekbf44,1
1212,eccos,barbaraas61,32
1213,eccos,cmlrodrigues,1
1214,eccos,ericadiogo,385
1215,eccos,fabiacsl79,213
1216,eccos,giannagoncalves,864
1217,eccos,girlayne,420
1218,eccos,julianabb95,2560
1219,eccos,laila92,66
1220,eccos,lamascamila,84
1221,eccos,lsduarte,347
1222,eccos,milenacgcrm98,214
1223,eccos,nathalials64,2
1224,eccos,oluwatosin,912
1225,eccos,paola.ferraz,3
1226,eccos,patriciaa40,1287
1227,eccos,pedrocewald,343
1228,eccos,priscilagiovanini,735
1229,eccos,profclaytonrodrigo,73
1230,eccos,rubiahms94,2984
1231,eccos,samarabj94,355
1232,eccos,thaisr1,1
1233,eccos,wendylg40,65
1234,educandarioterciocorreia,lailma.batista,5
1235,educandarioterciocorreia,profcarloscavalcanti,222
1236,educandarioterciocorreia,profedsonalves,46
1237,educandarioterciocorreia,profpriscilasantos,45
1238,educandarioterciocorreia,profsandraleao,24
1239,educandarioterciocorreia,proftarcizioxavier,47
1240,educandarioterciocorreia,profthaissantos,392
1241,educarse,julia.blanco,1
1242,educarse,mariana.nerome,28
1243,educarse,mateusgaspar,6
1244,educarse,sofia.souza,36
1245,educarse,vitor.sposito,14
1246,einsteinassis,einstein.cibeleraio,5
1247,einsteinassis,einstein.juliohartmann,14
1248,einsteinassis,einstein.kerliieger,7
1249,einsteinassis,einstein.nataliaparmegiani,5
1250,einsteinassis,einstein.nataliaportugues,107
1251,einsteinassis,einstein.nilsonmateus,6
1252,einsteinassis,einstein.paulaverderesi,20
1253,einsteinassis,einstein.profdebora,1
1254,einsteinassis,einstein.sidneiaraujo,23
1255,elitecuritiba,eder.miotto,1
1256,elitecuritibaemilianoperneta,ademir.santos,1
1257,elitecuritibaemilianoperneta,antonio.serur,20
1258,elitecuritibaemilianoperneta,augusto.pinheiro,18
1259,elitecuritibaemilianoperneta,denise.freitas,747
1260,elitecuritibaemilianoperneta,eduardo.sabrito,30
1261,elitecuritibaemilianoperneta,eduardo.stelle1,176
1262,elitecuritibaemilianoperneta,erivaldo.rios1,35
1263,elitecuritibaemilianoperneta,giovani.miranda1,6
1264,elitecuritibaemilianoperneta,giovanna.valenza1,41
1265,elitecuritibaemilianoperneta,guilherme.barbosa1,75
1266,elitecuritibaemilianoperneta,gustavo.olesko,87
1267,elitecuritibaemilianoperneta,jair.castro,22
1268,elitecuritibaemilianoperneta,joao.merkle1,10
1269,elitecuritibaemilianoperneta,jonathan.justino,152
1270,elitecuritibaemilianoperneta,juliano.lima1,3
1271,elitecuritibaemilianoperneta,leandro.rodrigues,59
1272,elitecuritibaemilianoperneta,livia.melo,36
1273,elitecuritibaemilianoperneta,luiz.toniolo,23
1274,elitecuritibaemilianoperneta,mozer.anjos,52
1275,elitecuritibaemilianoperneta,paulo.bega,1
1276,elitecuritibaemilianoperneta,sidnei.christoff,57
1277,elitecuritibaemilianoperneta,virginie.isber,237
1278,escolaceciliameireles,profcmeireles04,3
1279,escolamaster,sas753060,6
1280,escolavida,master.francisca.amanda,1
1281,escolavida,master.maria.telma,13
1282,escolavida,master.poliana.garcia,60
1283,faculdadeflamingo,Quarthero10,3
1284,faculdadeflamingo,adilsonbelluomini10,113
1285,faculdadeflamingo,andreascotton10,36
1286,faculdadeflamingo,arnaldoforti10,2
1287,faculdadeflamingo,chirleysilva10,187
1288,faculdadeflamingo,dinoeliasouza10,1
1289,faculdadeflamingo,dirceujunior10,3
1290,faculdadeflamingo,enitarodrigues,90
1291,faculdadeflamingo,franciscosouza10,24
1292,faculdadeflamingo,ginamiranda10,381
1293,faculdadeflamingo,iaiaCuma10,283
1294,faculdadeflamingo,joaocrescenzzo10,20
1295,faculdadeflamingo,lilianemonay10,19
1296,faculdadeflamingo,mariadelphino10,10
1297,faculdadeflamingo,mariasgorbissa10,282
1298,faculdadeflamingo,mariasouza10,14
1299,faculdadeflamingo,marioramires10,427
1300,faculdadeflamingo,neidezamboni10,88
1301,faculdadeflamingo,paulopereira10,36
1302,faculdadeflamingo,pedrobonetto10,267
1303,faculdadeflamingo,pedrofilho10,10
1304,faculdadeflamingo,rafaelmurakami,26
1305,faculdadeflamingo,renata.matsuo,41
1306,faculdadeflamingo,robertamoreira,2069
1307,faculdadeflamingo,rubensjunior10,1
1308,faculdadeflamingo,rudolfohesse10,1
1309,faculdadeflamingo,said10,123
1310,faculdadeflamingo,vanderleisantos10,72
1311,faculdadeflamingo,wesleyfernandez,178
1312,francobrasileiro,sas1476091,6
1313,gamt,BrunaMyslinsky,441
1314,gamt,denisesales,838
1315,insa,adelio.neto,25
1316,insa,alvaro.cesar,9
1317,insa,maria.socorro,853
1318,insa,raysa.gardenne,7
1319,insa,renato.vasconcelos,26
1320,institutocristao,jairwillyans,2
1321,institutocristao,leticiaaylanna,9
1322,institutocristao,sjoaomarcos,13
1323,institutocristao,thaisletras,79
1324,institutocristao,thaismatos,51
1325,integra,Eduardo.brandi,550
1326,integra,Rodrigo.chaves,296
1327,integra,alexander.pinheiro,135
1328,integra,anacristina.lima,2958
1329,integra,bruna.werneck,3699
1330,integra,elisa.elena,1340
1331,integra,fernanda.faustino,313
1332,integra,fernanda.portilho,668
1333,integra,gabi.barcellos,1597
1334,integra,gabriela.guarabyra,971
1335,integra,karoline.flores,4242
1336,integra,larissa.picoli,2095
1337,integra,leticia.borges,1109
1338,integra,leticia.martins,461
1339,integra,lorena.falci,202
1340,integra,maira.alvim,7
1341,integra,maria.flavia,1109
1342,integra,mila.aguiar,1732
1343,integra,natalia.menini,1610
1344,integra,rafaela.matoso,112
1345,integra,raquel.baesso,468
1346,integra,renalia.rodrigues,704
1347,integra,renan.canavez,857
1348,integra,rosa.lucia,2223
1349,integra,wallace.fonseca,5
1350,integra,washington.faria,320
1351,integradaeducativa,CHenrique,72
1352,integradaeducativa,EricsonVO,80
1353,integradaeducativa,Julianny,3099
1354,integradaeducativa,ProfFabiana,33
1355,integradaeducativa,ProfPaquito,696
1356,integradaeducativa,RacheldePapa,214
1357,integradaeducativa,RodrigoRibeiro,119
1358,integradaeducativa,adrianobicalho,1265
1359,integradaeducativa,alevazarini,280
1360,integradaeducativa,analuciamicheli,22
1361,integradaeducativa,brubelli,971
1362,integradaeducativa,clarindoedna,63
1363,integradaeducativa,diegors,28
1364,integradaeducativa,fabricioie,54
1365,integradaeducativa,hadassasartori,98
1366,integradaeducativa,huiliankido,1504
1367,integradaeducativa,nandocbj,106
1368,integradaeducativa,pagnota,739
1369,integradaeducativa,ramoneduc,5
1370,integradaeducativa,raphacrossi,97
1371,integradaeducativa,reginarodrigues,22
1372,integradaeducativa,rguerraherrera,317
1373,integradaeducativa,rosecris,247
1374,integradaeducativa,sergioribeiro,911
1375,invictus,juliainvictus,4
1376,invictus,prof.invictus1,399
1377,invictus,prof.invictus11,1
1378,invictus,prof.invictus13,214
1379,invictus,prof.invictus14,1773
1380,invictus,prof.invictus16,312
1381,invictus,prof.invictus17,2
1382,invictus,prof.invictus19,64
1383,invictus,prof.invictus3,4250
1384,invictus,prof.invictus4,304
1385,invictus,prof.invictus5,1
1386,invictus,prof.invictus6,408
1387,invictus,prof.invictus7,45
1388,invictus,richardinvictus,11
1389,ipdhsolucoes,amandaipdh2,6
1390,ipdhsolucoes,nataliatw89,1
1391,iracemarufino,eduprof.marlene.vieira.ir,3
1392,isem,anamorgado,1155
1393,isem,andreiaprtg,1990
1394,isem,angelicamaite,1123
1395,isem,aurimar.castro,145
1396,isem,camilla.souza,1996
1397,isem,cassiaab37,1144
1398,isem,clarasc4,59
1399,isem,dangois,1
1400,isem,elisasl57,26
1401,isem,ericacsbd97,18
1402,isem,isabellelog39,161
1403,isem,isem.rozana,27
1404,isem,luizweb231,139
1405,isem,matlansoliveira,121
1406,isem,milenanascimento277,1758
1407,isem,patricia.oliveira,112
1408,isem,profalexm12,94
1409,isem,raquelisem,106
1410,isem,rhodrigofarya,183
1411,isem,rovieira,1012
1412,isem,rsa202005,2228
1413,isem,valsantosargemiro,946
1414,isem,wanderluciabarretos,1270
1415,itamarati,99000809,6
1416,itamarati,99000810,51
1417,itamarati,alessandra.coscrato,104
1418,itamarati,aline.vieira,522
1419,itamarati,anapaula.silva,120
1420,itamarati,andrea.laprega,302
1421,itamarati,andres.riera,14
1422,itamarati,antonio.faria,363
1423,itamarati,camila.oliveira,713
1424,itamarati,carlos.dossantos,22
1425,itamarati,daniel.amaral,125
1426,itamarati,daniele.pupin,726
1427,itamarati,eliana.machado,182
1428,itamarati,eveline.rasteli,116
1429,itamarati,flavia.firmino,221
1430,itamarati,gustavo.bueno,77
1431,itamarati,heliane.deoliveira,17
1432,itamarati,lourdes.moretti,48
1433,itamarati,luiz.dossantos,1
1434,itamarati,marcelo.parreira,1214
1435,itamarati,mariahelena.silva,733
1436,itamarati,rachel.goncalves,962
1437,itamarati,rafaela.fuckner,203
1438,itamarati,raquel.costa,421
1439,itamarati,regina.machado,350
1440,itamarati,rejane.pucci,118
1441,itamarati,rita.lebre,514
1442,itamarati,rogerio.dasilva,145
1443,itamarati,selma.desouza,14
1444,itamarati,sonia.gusman,62
1445,itamarati,tania.decamargo,2
1446,itamarati,thauana.gomes,268
1447,itamarati,vanessa.dias,2
1448,itamarati,wilma.pedroso,831
1449,jardimsaopaulo,maria.jardimsp,240
1450,macvest,hanna.loures,2
1451,macvest,macvest.lucas.cremostim,3
1452,macvest,macvest.mariac,61
1453,macvest,macvest.millena37,1
1454,macvest,macvest.tamires,25
1455,macvest,macvestinho.joaov,91
1456,macvest,macvestinho.luana,162
1457,macvest,macvestinho.vitor,178
1458,magister,adriana.campos,1
1459,magister,bruno.sampaio,11
1460,magister,geoconda,8
1461,magister,monic,26
1462,magister,priscila.santana,8
1463,magister,taishb,107
1464,magister,tatiana.adaniya,41
1465,maplebearslz,adryellesp27,208
1466,maplebearslz,araiamajss32,97
1467,maplebearslz,enaille.araujo,193
1468,maplebearslz,leandros90,320
1469,maplebearslz,msannacarollina,396
1470,maplebearslz,patriciacpr7,55
1471,maplebearslz,sarahbsp49,97
1472,maplebearslz,vandecleideq68,79
1473,maplebearslz,viviannia80,226
1474,mariaeunice,eduprof.ana.lucia.me,7
1475,marialaura,eduprof.maria.do.ms,1
1476,mariliamattoso,alex.vargas,2
1477,mariliamattoso,alexandra.silva,1110
1478,mariliamattoso,andrea.pereira,156
1479,mariliamattoso,andreia.maciel,538
1480,mariliamattoso,antonio.gouveia,566
1481,mariliamattoso,beatriz.oliveira,1290
1482,mariliamattoso,cinthia.dutra,59
1483,mariliamattoso,clara.rodrigues,4
1484,mariliamattoso,claudia.toffano,8
1485,mariliamattoso,daniel.cavalcanti,20
1486,mariliamattoso,eduardo.coelho,3603
1487,mariliamattoso,felipe.velasco,798
1488,mariliamattoso,flavia.scotelaro,929
1489,mariliamattoso,francisca.saraiva,1736
1490,mariliamattoso,georgia.freitas,8
1491,mariliamattoso,geovane.canto,1
1492,mariliamattoso,joao.moreira,42
1493,mariliamattoso,joao.vianna,98
1494,mariliamattoso,leila.gomes,775
1495,mariliamattoso,luciane.mello,1605
1496,mariliamattoso,luciene.cruz,1252
1497,mariliamattoso,lucy.amado,86
1498,mariliamattoso,ludmila.abud,22
1499,mariliamattoso,marcela.granato,798
1500,mariliamattoso,marcia.araujo,63
1501,mariliamattoso,mariacarolina.herdy,173
1502,mariliamattoso,mariana.almeida,2241
1503,mariliamattoso,mariana.mascarenhas,1037
1504,mariliamattoso,mariana.oliva,13
1505,mariliamattoso,michelle.leite,52
1506,mariliamattoso,mirian.gomes,1
1507,mariliamattoso,nelma.souza,150
1508,mariliamattoso,norma.rocha,113
1509,mariliamattoso,paola.aded,219
1510,mariliamattoso,pedro.lopes,269
1511,mariliamattoso,penha.silva,36
1512,mariliamattoso,rafael.lobo,48
1513,mariliamattoso,samia.oliveira,222
1514,mariliamattoso,silvio.meirelles,53
1515,mariliamattoso,thalassa.travascio,1561
1516,mariliamattoso,valquiria.lino,434
1517,mariliamattoso,xarliane.sales,322
1518,motiva,sas.professor,1
1519,murilorocha,eduprof.leda.maria.mr,1
1520,navegasas,sas1573704,2
1521,nucleocriativo,VICTORSILVA,33
1522,nucleocriativo,ana.reis,27
1523,nucleocriativo,gracileia.bezerra,31
1524,nucleocriativo,katia.monteiro,10
1525,nucleocriativo,thiago.reis,17
1526,objetivolorena,eduardo.santos,116
1527,objetivolorena,fernanda.obj,29
1528,objetivolorena,profalessandro04031984,365
1529,objetivolorena,profalexandra16031967,669
1530,objetivolorena,profalisangela09111981,362
1531,objetivolorena,profana07071987,228
1532,objetivolorena,profdaniela25081980,40
1533,objetivolorena,profdanny06081976,9
1534,objetivolorena,profdenise05081983,181
1535,objetivolorena,profdiego01012000,1
1536,objetivolorena,proffelipe29121990,99
1537,objetivolorena,profflaviane10121987,1785
1538,objetivolorena,profgiovana06011979,86
1539,objetivolorena,profhelena16091976,451
1540,objetivolorena,profisabel01012000,1
1541,objetivolorena,profjakeline16111987,732
1542,objetivolorena,profjanaina07041972,48
1543,objetivolorena,profjessica23071987,960
1544,objetivolorena,profjulia21021994,269
1545,objetivolorena,profjuliana01012000,18
1546,objetivolorena,profleticia08101996,104
1547,objetivolorena,proflucia26091966,674
1548,objetivolorena,proflucia29111967,68
1549,objetivolorena,proflucimara30051978,62
1550,objetivolorena,profluiz22021992,7
1551,objetivolorena,profmaria17071986,35
1552,objetivolorena,profmarina21121995,83
1553,objetivolorena,profmaristela14021965,4
1554,objetivolorena,profmirian30091982,41
1555,objetivolorena,profnataliacabral,12
1556,objetivolorena,profnilson26051969,7
1557,objetivolorena,profrachel27021987,192
1558,objetivolorena,profricardo08101973,2
1559,objetivolorena,profrosana19051965,65
1560,objetivolorena,profrosely03061967,288
1561,objetivolorena,profsandra13051968,12
1562,objetivolorena,profsilvana10061974,50
1563,objetivolorena,profsimone23091975,235
1564,objetivolorena,profteresa12011966,20
1565,objetivolorena,profviviane02121995,73
1566,objetivoteresina,sas.professor,1
1567,oficinadoestudante,amandaproost,690
1568,oficinadoestudante,anav.kehdi,616
1569,oficinadoestudante,carol.profauxiliar,177
1570,oficinadoestudante,edileuzaquim,665
1571,oficinadoestudante,evandroluisaraujo,2
1572,oficinadoestudante,luana.oficina,192
1573,oficinadoestudante,marcotuliopc,427
1574,oficinadoestudante,melissa.barros,1256
1575,oficinadoestudante,oficinaxadrez,4
1576,oficinadoestudante,profoficina03,1379
1577,oficinadoestudante,profoficina04,44
1578,oficinadoestudante,profoficina08,277
1579,oficinadoestudante,profoficina100,1153
1580,oficinadoestudante,profoficina104,199
1581,oficinadoestudante,profoficina13,46
1582,oficinadoestudante,profoficina15,105
1583,oficinadoestudante,profoficina18,108
1584,oficinadoestudante,profoficina19,78
1585,oficinadoestudante,profoficina20,197
1586,oficinadoestudante,profoficina21,124
1587,oficinadoestudante,profoficina22,98
1588,oficinadoestudante,profoficina23,278
1589,oficinadoestudante,profoficina24,1357
1590,oficinadoestudante,profoficina25,110
1591,oficinadoestudante,profoficina27,229
1592,oficinadoestudante,profoficina28,1525
1593,oficinadoestudante,profoficina29,598
1594,oficinadoestudante,profoficina30,29
1595,oficinadoestudante,profoficina31,163
1596,oficinadoestudante,profoficina32,898
1597,oficinadoestudante,profoficina33,223
1598,oficinadoestudante,profoficina34,376
1599,oficinadoestudante,profoficina35,1258
1600,oficinadoestudante,profoficina37,191
1601,oficinadoestudante,profoficina38,1380
1602,oficinadoestudante,profoficina40,386
1603,oficinadoestudante,profoficina41,51
1604,oficinadoestudante,profoficina42,563
1605,oficinadoestudante,profoficina43,556
1606,oficinadoestudante,profoficina44,376
1607,oficinadoestudante,profoficina45,3
1608,oficinadoestudante,profoficina46,270
1609,oficinadoestudante,profoficina47,103
1610,oficinadoestudante,profoficina49,10
1611,oficinadoestudante,profoficina50,1121
1612,oficinadoestudante,profoficina51,570
1613,oficinadoestudante,profoficina52,30
1614,oficinadoestudante,profoficina53,571
1615,oficinadoestudante,profoficina54,514
1616,oficinadoestudante,profoficina55,113
1617,oficinadoestudante,profoficina56,275
1618,oficinadoestudante,profoficina57,10
1619,oficinadoestudante,profoficina59,878
1620,oficinadoestudante,profoficina60,41
1621,oficinadoestudante,profoficina62,1
1622,oficinadoestudante,profoficina64,115
1623,oficinadoestudante,profoficina65,1
1624,oficinadoestudante,profoficina67,4
1625,oficinadoestudante,profoficina68,7
1626,oficinadoestudante,profoficina69,13
1627,oficinadoestudante,profoficina70,903
1628,oficinadoestudante,profoficina71,9
1629,oficinadoestudante,profoficina73,4
1630,oficinadoestudante,profoficina74,41
1631,oficinadoestudante,profoficina75,4
1632,oficinadoestudante,profoficina76,341
1633,oficinadoestudante,profoficina78,2
1634,oficinadoestudante,profoficina79,180
1635,oficinadoestudante,profoficina80,462
1636,oficinadoestudante,profoficina81,194
1637,oficinadoestudante,profoficina82,1875
1638,oficinadoestudante,profoficina85,51
1639,oficinadoestudante,profoficina86,573
1640,oficinadoestudante,profoficina87,1209
1641,oficinadoestudante,profoficina89,922
1642,oficinadoestudante,profoficina90,20
1643,oficinadoestudante,profoficina93,110
1644,oficinadoestudante,profoficina95,496
1645,oficinadoestudante,profoficina98,148
1646,oficinadoestudante,profoficina99,2
1647,oficinadoestudante,silvio.sawaya,1306
1648,overabelcabral,17062008,33
1649,overabelcabral,27031995,5
1650,overabelcabral,ADILSON.TAVARES.ABEL,7
1651,overabelcabral,ARADY.SILVA,613
1652,overabelcabral,ARTHUR.MARTINELLI.ABEL,22
1653,overabelcabral,CAMILA.AUGUSTA.ABEL,53
1654,overabelcabral,CESAR.ZANDONAI.ABEL,12
1655,overabelcabral,CICERO.BRUNO.ABEL,1
1656,overabelcabral,CRISTIANO.SOARES.ABEL,16
1657,overabelcabral,CYNTHIA.FERNANDA.ABEL,22
1658,overabelcabral,DANIEL.LUCAS.ABEL,341
1659,overabelcabral,DEBORA.VIRGINIA.ABEL,188
1660,overabelcabral,EDVANIA.RIBEIRO.ABEL,27
1661,overabelcabral,ELISANGELA.DELFINO.ABEL,37
1662,overabelcabral,FININHO.ABEL,1
1663,overabelcabral,FRANCISCA.ARINUZA.ABEL,1
1664,overabelcabral,HEVERTON.DA.ABEL,16
1665,overabelcabral,JOAO.LUCAS.ABEL,127
1666,overabelcabral,JUCINEIDE.DE.ABEL,142
1667,overabelcabral,KARLA.DANIELLE.ABEL,61
1668,overabelcabral,KATIA.JANAINA.ABEL,553
1669,overabelcabral,LARISSA.CRISTINA.ABEL,192
1670,overabelcabral,LAYANE.CRISLANE.ABEL,118
1671,overabelcabral,MARIA.ANDRESSA.ABEL,3
1672,overabelcabral,MARIA.VITORIA.ABEL,11
1673,overabelcabral,REGIS.MIKHAIL.ABEL,48
1674,overabelcabral,SHIRLEY.MELO.ABEL,758
1675,overabelcabral,SUELI.APARECIDA.ABEL,65
1676,overabelcabral,Stephanie.Brito,16
1677,overabelcabral,TACIANA.DOS.ABEL,7
1678,overabelcabral,TAINA.COSTA.ABEL,689
1679,overabelcabral,VALCLEA.BARBOSA.ABEL,199
1680,overabelcabral,WILLIANS.DE.ABEL,8
1681,overabelcabral,profjorgeluis,11
1682,overjoaopessoa,Patricia.Dias,2
1683,overjoaopessoa,camila.over,99
1684,overjoaopessoa,fabio.ribeiro,2
1685,overlimaesilva,ANA.DAMASCENO,136
1686,overlimaesilva,Ana.Marinho,5
1687,overlimaesilva,CASSIA.PINHEIRO,11
1688,overlimaesilva,ELISANGELA.LIMA,44
1689,overlimaesilva,LEILA.MARTINS,189
1690,overlimaesilva,Maria.Oliveira,1322
1691,overlimaesilva,TAINA.OLIVEIRA,95
1692,overlimaesilva,ULIANA.CLEMENTE,20
1693,overlimaesilva,ivanessa.costa,17
1694,overmarciliofurtado,ADILSON.JUNIOR.MC,1
1695,overmarciliofurtado,ADRIANA.VARELA.MC,318
1696,overmarciliofurtado,BRUNA.PEREIRA.MC,170
1697,overmarciliofurtado,CAMILA.DESIDERIO.MC,42
1698,overmarciliofurtado,CESAR.CAMILO.MC,13
1699,overmarciliofurtado,CRISTIANO.MICUSSI.MC,19
1700,overmarciliofurtado,DANIEL.SILVA,264
1701,overmarciliofurtado,ELISANGELA.DELFINO,6
1702,overmarciliofurtado,MARCIA.MORAIS.MC,43
1703,overmarciliofurtado,MURILO.ALMEIDA.MC,4
1704,overmarciliofurtado,PHILLIPE.LIRA.MC,1
1705,overmarciliofurtado,ULIANA.CLEMENTE.LN,16
1706,overmarciliofurtado,WILLIANS.CAMPOS.MC,4
1707,overmarciliofurtado,profjorgeluis,10
1708,overmossoro,camila.freitas,40
1709,overmossoro,carla.santos,5
1710,overmossoro,francisca.lima,23
1711,overmossoro,ilana.kelly,16
1712,overmossoro,julia.vasconcelos,2
1713,overmossoro,luiza.over,10
1714,overmossoro,mara.lopes,16
1715,overmossoro,marcus.silva,2
1716,overmossoro,misleiza.over,1
1717,overmossoro,ruan.ribeiro,8
1718,overmossoro,savio.carlos,11
1719,overmossoro,suyane.lira,32
1720,overmossoro,tatiana.over,12
1721,overpontanegra,270319951,2
1722,overpontanegra,ADRIANA.VASCONCELOS.PN,225
1723,overpontanegra,ANA.CAROLINA.PN,38
1724,overpontanegra,BRUNA.RAFAELLA.PN,63
1725,overpontanegra,CICERO.BRUNO.PN,2
1726,overpontanegra,CRISTIANO.SOARES.PN,36
1727,overpontanegra,DANIEL.LUCAS.PN,161
1728,overpontanegra,DEBORA.VIRGINIA.PN,107
1729,overpontanegra,ELISANGELA.DELFINO.PN,5
1730,overpontanegra,ELIZABETE.GOMES.PN,69
1731,overpontanegra,Elainne.Suzane,51
1732,overpontanegra,FLAVIANA.SANTOS.PN,71
1733,overpontanegra,FRANCISCA.ARINUZA.PN,28
1734,overpontanegra,FRANCISCO.WASHINGTON.PN,177
1735,overpontanegra,JOAO.LUCAS.PN,33
1736,overpontanegra,JOAO.PAULO.PN,3
1737,overpontanegra,Josineide.Silva,1
1738,overpontanegra,LUCAS.NASCIMENTO.PN,1
1739,overpontanegra,LUCIA.CRISTINA.PN,217
1740,overpontanegra,MAXWELL.GRACILIANO.PN,73
1741,overpontanegra,MILENA.DE.PN,7
1742,overpontanegra,WILLIANS.DE.PN,3
1743,overpontanegra,arthur.estrela,17
1744,overpontanegra,ivanessa.costaprof,3
1745,overpontanegra,profjorgeluis,9
1746,overzonanorte,Ana.Damasceno,100
1747,overzonanorte,Andrea.Germano,2
1748,overzonanorte,Andressa.Sa,2
1749,overzonanorte,Antonio.Pereira,353
1750,overzonanorte,Bruno.Torres,11
1751,overzonanorte,Cristiano.Micussi,24
1752,overzonanorte,Isaque.Bezerra,12
1753,overzonanorte,Jadson.Carvalho,110
1754,overzonanorte,Joao.Lucas,36
1755,overzonanorte,Jorge.Luis,13
1756,overzonanorte,Lanuk.Silva,181
1757,overzonanorte,Luciana.Santos,10
1758,overzonanorte,Maxwell.Teixeira,110
1759,overzonanorte,Pamela.Lopes,42
1760,overzonanorte,Regis.Silva,43
1761,overzonanorte,Wendia.Raquel,2
1762,physicsalcindocacela,carla.reis,16
1763,physicsalcindocacela,eurico.lucas,157
1764,physicsalcindocacela,gleiciane.pantoja,76
1765,physicsalcindocacela,izabelle.quingosta,198
1766,physicsalcindocacela,jacqueline.sousa,8
1767,physicsalmirantebarroso,aline.priscilla,70
1768,physicsalmirantebarroso,ana.lucia,11
1769,physicsalmirantebarroso,ananda.etienne,2
1770,physicsalmirantebarroso,antonio.rogrigo,6
1771,physicsalmirantebarroso,camila.alves,59
1772,physicsalmirantebarroso,danielle.sarmento,8
1773,physicsalmirantebarroso,danilli.sabrina,912
1774,physicsalmirantebarroso,eurico.lucas,82
1775,physicsalmirantebarroso,felipe.silva,16
1776,physicsalmirantebarroso,glads.silva,14
1777,physicsalmirantebarroso,joao.lucas,114
1778,physicsalmirantebarroso,jocimar.albernaz,90
1779,physicsalmirantebarroso,julio.pereira,1
1780,physicsalmirantebarroso,karina.ferreira,12
1781,physicsalmirantebarroso,laira.juliana,23
1782,physicsalmirantebarroso,luciany.martins,21
1783,physicsalmirantebarroso,marcio.santos,15
1784,physicsalmirantebarroso,maria.jesus,449
1785,physicsalmirantebarroso,mayara.cristiny,199
1786,physicsalmirantebarroso,milene.lemos,171
1787,physicsaugustomontenegro,Luiz.felipe,1
1788,physicsaugustomontenegro,adriane.pock,10
1789,physicsaugustomontenegro,ana.gillet,51
1790,physicsaugustomontenegro,ana.rebelo,523
1791,physicsaugustomontenegro,cristina.barbosa,174
1792,physicsaugustomontenegro,gabriela.garcia,160
1793,physicsaugustomontenegro,isabela.ribeiro,14
1794,physicsaugustomontenegro,janaina.costa,2
1795,physicsaugustomontenegro,joao.alves,91
1796,physicsaugustomontenegro,jordama.tavares,2
1797,physicsaugustomontenegro,josiane.dasilva,46
1798,physicsaugustomontenegro,leila.maia,104
1799,physicsaugustomontenegro,lidiane.alyne,14
1800,physicsaugustomontenegro,luana.dacosta,15
1801,physicsaugustomontenegro,rafael.delima,3
1802,physicsaugustomontenegro,shirley.medeiros,14
1803,physicsaugustomontenegro,silvane.almeida,296
1804,physicsaugustomontenegro,tainara.oliveira,171
1805,physicsaugustomontenegro,wagner.ribeiro,12
1806,physicsbatistacampos,Rubervan.leite,33
1807,physicsbatistacampos,alex.paulo,157
1808,physicsbatistacampos,amanda.daniella,3459
1809,physicsbatistacampos,ana.cardosos,2
1810,physicsbatistacampos,angela.cristina,91
1811,physicsbatistacampos,claudio.figueiredo,1
1812,physicsbatistacampos,cosma.vasconcelos,98
1813,physicsbatistacampos,diana.cruz,30
1814,physicsbatistacampos,fabiany.seabra,98
1815,physicsbatistacampos,glads.silva,7
1816,physicsbatistacampos,jose.welligton,38
1817,physicsbatistacampos,lucimara.almeida,1258
1818,physicsbatistacampos,manoela.cristina,2
1819,physicsbatistacampos,marcio.santos,3
1820,physicsbatistacampos,maria.passos,4
1821,physicsbatistacampos,mirlene.jose,2
1822,physicsbatistacampos,nelcy.santos,85
1823,physicsbatistacampos,sacha.santos,162
1824,physicsbatistacampos,vanessa.albuquerque,45
1825,physicscidadenova,anakarolinne.rebelo,826
1826,physicscidadenova,caique.lisboa,5
1827,physicscidadenova,carolina.afonso,53
1828,physicscidadenova,cristina.barbosa,295
1829,physicscidadenova,danielle.saraiva,58
1830,physicscidadenova,elmer.dealmeida,61
1831,physicscidadenova,eurico.lucas,303
1832,physicscidadenova,isabela.socorro,101
1833,physicscidadenova,joene.barros,28
1834,physicscidadenova,keyssi.monteiro,40
1835,physicscidadenova,leila.maia,58
1836,physicscidadenova,leticia.monteiro,353
1837,physicscidadenova,mayara.cristiny,1
1838,physicscidadenova,mayara.miranda,78
1839,physicscidadenova,patricia.smith,1
1840,physicscidadenova,rafael.bittencourt,86
1841,physicscidadenova,rubervan.leite,19
1842,physicscidadenova,shirley.medeiros,6
1843,physicsconselheirofurtado,rafaella.freitas,1
1844,physicsconselheirofurtado,tereza.gillet,26
1845,physicsmacapa,adriano.ferreira,5
1846,physicsmacapa,ana.uchoa,174
1847,physicsmacapa,cidia.corte,30
1848,physicsmacapa,manoel.pilar,57
1849,physicsumarizal,adriane.assuncao,6
1850,physicsumarizal,alessandra.gomes,6
1851,physicsumarizal,anderson.andre,2
1852,physicsumarizal,antonio.rogrigo,17
1853,physicsumarizal,eurico.lucas,68
1854,physicsumarizal,evelyn.brito,55
1855,physicsumarizal,fernando.jesus,249
1856,physicsumarizal,joao.lucas,168
1857,physicsumarizal,jocimar.albernaz,37
1858,physicsumarizal,lorena.baia,704
1859,physicsumarizal,lucimara.melem,299
1860,physicsumarizal,marcio.santos,2
1861,physicsumarizal,marynara.flor,10
1862,physicsumarizal,mayara.cristiny,3
1863,physicsumarizal,paulo.rodrigo,77
1864,physicsumarizal,suzana.souza,71
1865,physicsumarizal,victoria.pinheiro,78
1866,pioxi,profpioxi1,209
1867,pioxi,profpioxi10,320
1868,pioxi,profpioxi13,12
1869,pioxi,profpioxi14,361
1870,pioxi,profpioxi15,146
1871,pioxi,profpioxi16,2
1872,pioxi,profpioxi17,959
1873,pioxi,profpioxi2,78
1874,pioxi,profpioxi2021,11
1875,pioxi,profpioxi2021.11,47
1876,pioxi,profpioxi2021.12,28
1877,pioxi,profpioxi2021.13,44
1878,pioxi,profpioxi26,393
1879,pioxi,profpioxi27,691
1880,pioxi,profpioxi31,1606
1881,pioxi,profpioxi32,37
1882,pioxi,profpioxi34,42
1883,pioxi,profpioxi35,163
1884,pioxi,profpioxi39,47
1885,pioxi,profpioxi40,17
1886,pioxi,profpioxi41,1
1887,pioxi,profpioxi42,136
1888,pioxi,profpioxi43,428
1889,pioxi,profpioxi46,61
1890,pioxi,profpioxi52,51
1891,pioxi,profpioxi58,2
1892,pioxi,profpioxi59,1651
1893,pioxi,profpioxi60,1285
1894,pioxi,profpioxi64,242
1895,pioxi,profpioxi8,1
1896,pioxi,profpioxi83,1
1897,pioxi,profpioxi9,142
1898,pioxiicolegio,pioxii.amanda.ferraz,245
1899,pioxiicolegio,pioxii.ana.barros,23
1900,pioxiicolegio,pioxii.antonio.gois,47
1901,pioxiicolegio,pioxii.carlos.vieira,5
1902,pioxiicolegio,pioxii.edney.gualberto,74
1903,pioxiicolegio,pioxii.felippe.bandeira,19
1904,pioxiicolegio,pioxii.frederico.stevano,128
1905,pioxiicolegio,pioxii.graziano.costa,1
1906,pioxiicolegio,pioxii.joao.amaral,570
1907,pioxiicolegio,pioxii.jucimara.tarricone,418
1908,pioxiicolegio,pioxii.livia.cucatto,4
1909,pioxiicolegio,pioxii.luciana.carrieri,33
1910,pioxiicolegio,pioxii.mauricio.leite,485
1911,pioxiicolegio,pioxii.renato.deutner,70
1912,pioxiicolegio,pioxii.robson.magri,4
1913,pioxiicolegio,pioxii.willian.geraldo,15
1914,portinari,Por.adriana.kavouras,28
1915,portinari,Por.adriana.souza,6
1916,portinari,Por.ana.celia,118
1917,portinari,Por.ana.oliveira,179
1918,portinari,Por.bruno.fernandes,37
1919,portinari,Por.feliciano.fortunato,3
1920,portinari,Por.fernanda.castro,175
1921,portinari,Por.gabriel.morais,302
1922,portinari,Por.helder.marcondes,404
1923,portinari,Por.hildeberto.silva,20
1924,portinari,Por.iran.souza,8
1925,portinari,Por.joao.fabio,922
1926,portinari,Por.juliana.marilena,548
1927,portinari,Por.katiane.andrade,212
1928,portinari,Por.larissa.gabriela,160
1929,portinari,Por.lucas.silveira,490
1930,portinari,Por.marcelo.paes,1
1931,portinari,Por.marcia.cristina,2
1932,portinari,Por.maria.angelica,537
1933,portinari,Por.marilene.miranda,1
1934,portinari,Por.monica.colucci,125
1935,portinari,Por.neomar.amorim,323
1936,portinari,Por.nilzete.araujo,9
1937,portinari,Por.priscila.bona,358
1938,portinari,Por.raiana.raquel,89
1939,portinari,Por.rodrigo.sampaio,1
1940,portinari,Por.sandra.maria,185
1941,portinari,Por.ynez.freire,280
1942,portinari,Por.yve.west,170
1943,portinari,aline.portinari,109
1944,portinari,luciana.goes,614
1945,portinari,marla.silva,141
1946,portinari,mateus.lordelo,14
1947,portinari,por.nailane.santos,44
1948,portinari,washington.lima,13
1949,porto,sas1112907,256
1950,porto,sas1112908,2
1951,porto,sas1112911,954
1952,porto,sas1112912,2
1953,porto,sas1112913,1466
1954,porto,sas1112914,177
1955,porto,sas1112915,296
1956,porto,sas1112917,1365
1957,porto,sas1119972,3316
1958,porto,sas1170056,209
1959,porto,sas1175082,13
1960,porto,sas1175092,1
1961,porto,sas1279610,1604
1962,porto,sas1279616,814
1963,porto,sas1279845,1041
1964,porto,sas1280113,40
1965,porto,sas1280118,1333
1966,porto,sas1280217,99
1967,porto,sas1498759,358
1968,porto,sas1498768,866
1969,porto,sas1498775,92
1970,porto,sas1503826,1
1971,porto,sas1504199,371
1972,porto,sas1504730,51
1973,porto,sas1545457,320
1974,porto,sas1568591,107
1975,primeirodemaio,anapicoli,78
1976,primeirodemaio,caiodg41,28
1977,primeirodemaio,oisraelita,8
1978,prismapatrocinio,prismaandreamello,68
1979,prismapatrocinio,prismacaio,5
1980,prismapatrocinio,prismacarina,497
1981,prismapatrocinio,prismadebora,454
1982,prismapatrocinio,prismaelza,20
1983,prismapatrocinio,prismaerikalacerda,51
1984,prismapatrocinio,prismagustavoresende,6
1985,prismapatrocinio,prismajulianunes,85
1986,prismapatrocinio,prismalucimar,56
1987,prismapatrocinio,prismamagdaalves,58
1988,prismapatrocinio,prismapoliane,2
1989,prismapatrocinio,prismasimarasilva,244
1990,prismapatrocinio,prismatayzefonseca,1
1991,prismapatrocinio,prismathayscarvalho,78
1992,profederal,joao.maia,5
1993,profederal,marcosc,1
1994,profederal,mariana.dias,24
1995,profederal,pedro.junior,1
1996,provaspoliedro,Felipe.campinas,575
1997,provaspoliedro,Isabelle.campinas,530
1998,provaspoliedro,Juliana.campinas,1747
1999,provaspoliedro,Mariana.campinas,757
2000,provaspoliedro,adriano.faria2,158
2001,provaspoliedro,amanda.piffer,1462
2002,provaspoliedro,ana.tetzner,8067
2003,provaspoliedro,daniel.campinas,1932
2004,provaspoliedro,giovani.matematica,631
2005,provaspoliedro,hana.nusbaum,252
2006,provaspoliedro,johann.nyari,1026
2007,provaspoliedro,jose.abrantes,1937
2008,provaspoliedro,kaique.souza,2
2009,provaspoliedro,leandro.campinas,565
2010,provaspoliedro,leonardo.martins15,276
2011,provaspoliedro,leonardo.menedez,1985
2012,provaspoliedro,lucas.torigoe,11
2013,provaspoliedro,lucinei.cordeiro,462
2014,provaspoliedro,luiz.salles,69
2015,provaspoliedro,marina.pupo,181
2016,provaspoliedro,poliedro.adilson.freitas,633
2017,provaspoliedro,poliedro.adriana.cristina,625
2018,provaspoliedro,poliedro.adriana.franco5,260
2019,provaspoliedro,poliedro.alexandre.rocha,79
2020,provaspoliedro,poliedro.amanda.fernandes12,156
2021,provaspoliedro,poliedro.amanda.ribeiro,16
2022,provaspoliedro,poliedro.ana.luiza,1136
2023,provaspoliedro,poliedro.andre.andere,45
2024,provaspoliedro,poliedro.anna.cechinel,414
2025,provaspoliedro,poliedro.barbara.roberta,166
2026,provaspoliedro,poliedro.bianca.netto,357
2027,provaspoliedro,poliedro.biologia.sp,118
2028,provaspoliedro,poliedro.bruna.marcatto,1204
2029,provaspoliedro,poliedro.carolina.pereira,1422
2030,provaspoliedro,poliedro.caroline.felipello,27
2031,provaspoliedro,poliedro.caroline.souza,187
2032,provaspoliedro,poliedro.cassia.cristina,44
2033,provaspoliedro,poliedro.cinthia.moreira,12
2034,provaspoliedro,poliedro.claudio.nelson,229
2035,provaspoliedro,poliedro.daniel.carlos,844
2036,provaspoliedro,poliedro.davi.bernes,336
2037,provaspoliedro,poliedro.davi.gustavo,139
2038,provaspoliedro,poliedro.debora.aparecida,1259
2039,provaspoliedro,poliedro.denise.caux,511
2040,provaspoliedro,poliedro.denise.moura,421
2041,provaspoliedro,poliedro.edson.yoshio,24
2042,provaspoliedro,poliedro.eduardo.mello,1
2043,provaspoliedro,poliedro.eduardo.walneide,234
2044,provaspoliedro,poliedro.eltton.alysson,3
2045,provaspoliedro,poliedro.emi.ihara,783
2046,provaspoliedro,poliedro.enedina.santos,404
2047,provaspoliedro,poliedro.erica.turci,1164
2048,provaspoliedro,poliedro.erickson.alves,953
2049,provaspoliedro,poliedro.fabiane.dalben,661
2050,provaspoliedro,poliedro.fabio.henrique,4
2051,provaspoliedro,poliedro.felipe.lautenschlaeger,320
2052,provaspoliedro,poliedro.felipe.pedroso,230
2053,provaspoliedro,poliedro.fisica.sp,67
2054,provaspoliedro,poliedro.flavia.orci,140
2055,provaspoliedro,poliedro.flavio.lieb,1
2056,provaspoliedro,poliedro.francielly.keity,262
2057,provaspoliedro,poliedro.frederico.antonio,748
2058,provaspoliedro,poliedro.gabriela.bellati,857
2059,provaspoliedro,poliedro.gilmar.bento,1190
2060,provaspoliedro,poliedro.girlayne.christine,912
2061,provaspoliedro,poliedro.gislene.santos,816
2062,provaspoliedro,poliedro.guilherme.franco,23
2063,provaspoliedro,poliedro.guilherme.patrinheri,18
2064,provaspoliedro,poliedro.guilherme.pires,1701
2065,provaspoliedro,poliedro.gustavo.henrique,1416
2066,provaspoliedro,poliedro.gustavo.martello,358
2067,provaspoliedro,poliedro.gustavo.queiroz,45
2068,provaspoliedro,poliedro.hellen.milene,1413
2069,provaspoliedro,poliedro.ieda.costa,457
2070,provaspoliedro,poliedro.jhony.sa,94
2071,provaspoliedro,poliedro.joao.carlos,144
2072,provaspoliedro,poliedro.joao.domingos,286
2073,provaspoliedro,poliedro.joao.paulo,641
2074,provaspoliedro,poliedro.joao.pedro,9
2075,provaspoliedro,poliedro.joyce.goncalves,957
2076,provaspoliedro,poliedro.julia.garcia,334
2077,provaspoliedro,poliedro.julio.cesar,45
2078,provaspoliedro,poliedro.julio.santos,2
2079,provaspoliedro,poliedro.karla.viviane,274
2080,provaspoliedro,poliedro.lais.cristina,1907
2081,provaspoliedro,poliedro.lais.zago,29
2082,provaspoliedro,poliedro.larissa.paula,793
2083,provaspoliedro,poliedro.leonardo.pagenotto,541
2084,provaspoliedro,poliedro.leticia.rodrigues,2327
2085,provaspoliedro,poliedro.livia.moreira5,65
2086,provaspoliedro,poliedro.lucas.campos,7
2087,provaspoliedro,poliedro.luciana.chieregato,25
2088,provaspoliedro,poliedro.madalena.siqueira,514
2089,provaspoliedro,poliedro.maiara.fernanda,1723
2090,provaspoliedro,poliedro.marcelo.rodrigues,2
2091,provaspoliedro,poliedro.marcelo.santos,31
2092,provaspoliedro,poliedro.marialba.rita,1207
2093,provaspoliedro,poliedro.mariana.ferreira,86
2094,provaspoliedro,poliedro.mario.eduardo,528
2095,provaspoliedro,poliedro.matematica.sp,234
2096,provaspoliedro,poliedro.mauro.oto,158
2097,provaspoliedro,poliedro.maysa.laurindo,1086
2098,provaspoliedro,poliedro.milena.teixeira2,271
2099,provaspoliedro,poliedro.murilo.medici,366
2100,provaspoliedro,poliedro.natalia.crosariol,121
2101,provaspoliedro,poliedro.natalia.maria,1807
2102,provaspoliedro,poliedro.natalia.moraes,369
2103,provaspoliedro,poliedro.natasha.ribeiro,1693
2104,provaspoliedro,poliedro.patricia.alves,2406
2105,provaspoliedro,poliedro.paulo.horacio,570
2106,provaspoliedro,poliedro.pedro.henrique,18
2107,provaspoliedro,poliedro.pedro.roberto,536
2108,provaspoliedro,poliedro.pietro.enrico,41
2109,provaspoliedro,poliedro.priscila.terlizzi,86
2110,provaspoliedro,poliedro.quimica.sp,151
2111,provaspoliedro,poliedro.rafael.saranholi,1064
2112,provaspoliedro,poliedro.rafaella.franchin,581
2113,provaspoliedro,poliedro.raissa.shiraishi,150
2114,provaspoliedro,poliedro.raphael.augusto,1185
2115,provaspoliedro,poliedro.regiane.alves,1123
2116,provaspoliedro,poliedro.ricardo.bezerra,352
2117,provaspoliedro,poliedro.robson.alves,45
2118,provaspoliedro,poliedro.rodolfo.salvador,1186
2119,provaspoliedro,poliedro.rodolpho.desidera,2
2120,provaspoliedro,poliedro.rolver.bernardes,431
2121,provaspoliedro,poliedro.roni.gasolla,14
2122,provaspoliedro,poliedro.salma.helena,172
2123,provaspoliedro,poliedro.samara.leal,204
2124,provaspoliedro,poliedro.saulo.paula,283
2125,provaspoliedro,poliedro.shelton.aguiar,42
2126,provaspoliedro,poliedro.silvia.helena,2270
2127,provaspoliedro,poliedro.talita.cristina,484
2128,provaspoliedro,poliedro.thais.djenane,726
2129,provaspoliedro,poliedro.thais.pereira,30
2130,provaspoliedro,poliedro.thatiane.cristine,2
2131,provaspoliedro,poliedro.thiago.cardoso,2392
2132,provaspoliedro,poliedro.thiago.laet,652
2133,provaspoliedro,poliedro.thiago.pavan,369
2134,provaspoliedro,poliedro.tiago.santos,90
2135,provaspoliedro,poliedro.william.oliveira,1974
2136,provaspoliedro,rodrigo.nardi,851
2137,provaspoliedro,thiago.malaguetta,586
2138,provaspoliedro,vinicius.zambom,1255
2139,psantagema,207,278
2140,psantagema,MaestraKarla,1
2141,psantagema,amarsilverio,120
2142,psantagema,educ.moliveira,133
2143,psantagema,elainis5,1284
2144,psantagema,fcampos,837
2145,psantagema,irma.jaqueline,154
2146,psantagema,joycedamasio,173
2147,psantagema,julianatosato,90
2148,psantagema,larimartins,1163
2149,psantagema,lrusso,36
2150,psantagema,nastos,79
2151,psantagema,rafarbs,15
2152,sagradafamilia,sas880899,11
2153,santoamerico,sas1104256,1
2154,santoamerico,sas1226402,1
2155,santoamerico,sas1230444,13
2156,santoamerico,sas1264770,77
2157,santoamerico,sas1264771,13
2158,santoamerico,sas1264772,165
2159,santoamerico,sas1264773,2996
2160,santoamerico,sas1264774,209
2161,santoamerico,sas1264775,1161
2162,santoamerico,sas1264776,376
2163,santoamerico,sas1264777,427
2164,santoamerico,sas1264778,922
2165,santoamerico,sas1264779,1036
2166,santoamerico,sas1264780,196
2167,santoamerico,sas1264782,930
2168,santoamerico,sas1264783,479
2169,santoamerico,sas1264784,8
2170,santoamerico,sas1264785,641
2171,santoamerico,sas1264786,704
2172,santoamerico,sas1264787,209
2173,santoamerico,sas1264788,2751
2174,santoamerico,sas1264789,86
2175,santoamerico,sas1264790,868
2176,santoamerico,sas1264791,46
2177,santoamerico,sas1264794,513
2178,santoamerico,sas1264795,1
2179,santoamerico,sas1264796,177
2180,santoamerico,sas1264797,526
2181,santoamerico,sas1264799,116
2182,santoamerico,sas1264801,379
2183,santoamerico,sas1264802,1091
2184,santoamerico,sas1264803,226
2185,santoamerico,sas1264804,1282
2186,santoamerico,sas1264805,99
2187,santoamerico,sas1264806,35
2188,santoamerico,sas1264808,18
2189,santoamerico,sas1264809,578
2190,santoamerico,sas1264810,5
2191,santoamerico,sas1264811,162
2192,santoamerico,sas1264812,583
2193,santoamerico,sas1264813,2097
2194,santoamerico,sas1264814,3471
2195,santoamerico,sas1264816,35
2196,santoamerico,sas1264817,677
2197,santoamerico,sas1264818,329
2198,santoamerico,sas1264819,877
2199,santoamerico,sas1264820,2
2200,santoamerico,sas1264821,55
2201,santoamerico,sas1264824,1
2202,santoamerico,sas1264825,533
2203,santoamerico,sas1264826,863
2204,santoamerico,sas1264827,2813
2205,santoamerico,sas1274846,1051
2206,santoamerico,sas1274882,21
2207,santoamerico,sas1372279,24
2208,santoamerico,sas1506488,377
2209,santoamerico,sas1550731,150
2210,santoamericoteste,sas1207516,1
2211,santoantonio,sas.professor,1
2212,sasadapt,sasprofessor,14
2213,sasadaptem,sas.professor,2
2214,sasadaptem,sasprofessor,1
2215,saseducacao,sas.professor,3
2216,spdacruz,08426407897,755
2217,spdacruz,09940136803,2531
2218,spdacruz,EducadoraGiselle,2384
2219,spdacruz,ProMarcelo,26
2220,spdacruz,adrianaglad,372
2221,spdacruz,andreaalbuquerque,64
2222,spdacruz,annabel,1021
2223,spdacruz,awelington,74
2224,spdacruz,biolog,72
2225,spdacruz,brunahsvillar,558
2226,spdacruz,brunomariano,2
2227,spdacruz,cristiane19,1343
2228,spdacruz,cristina2016,307
2229,spdacruz,cristinagarone,210
2230,spdacruz,fernandoalves,1
2231,spdacruz,idalina,713
2232,spdacruz,juliam,458
2233,spdacruz,juvenalfilho,382
2234,spdacruz,leandrogodoi,380
2235,spdacruz,luhsantos01,302
2236,spdacruz,mariaeugenia,541
2237,spdacruz,roseclair,1516
2238,spdacruz,veneziani,403
2239,spdacruz,viniciusfaria,104
2240,spdacruz,viniciusmagno,184
2241,spdacruz,yuribarros,37
2242,stellamarisaguaverde,aline.coelho,66
2243,stellamarisaguaverde,amanda.dallasuanna,57
2244,stellamarisaguaverde,amanda.scheffer,221
2245,stellamarisaguaverde,ana.votri,7
2246,stellamarisaguaverde,angelica.joseli,29
2247,stellamarisaguaverde,beatriz.alexandra,166
2248,stellamarisaguaverde,beatriz.garcia,489
2249,stellamarisaguaverde,dione.siegel,75
2250,stellamarisaguaverde,edna.menezes,253
2251,stellamarisaguaverde,elisangela.cipriani,215
2252,stellamarisaguaverde,gisele.oliveira,4
2253,stellamarisaguaverde,heluisa.martins,72
2254,stellamarisaguaverde,jessica.lacerda,110
2255,stellamarisaguaverde,josiane.silva,1729
2256,stellamarisaguaverde,karina.azevedo,23
2257,stellamarisaguaverde,lucas.negrao,41
2258,stellamarisaguaverde,mauricio.moura,62
2259,stellamarisaguaverde,melissa.ginez,128
2260,stellamarisaguaverde,miryelle.osadzuk,149
2261,stellamarisaguaverde,natalia.magri,192
2262,stellamarisaguaverde,nathan.rodrigues,130
2263,stellamarisaguaverde,paola.rompava,2
2264,stellamarisaguaverde,rubia.silva,2
2265,stellamarisaguaverde,sara.silva,168
2266,stellamarisaguaverde,suellen.senna,13
2267,stellamarisaguaverde,thamires.rossana,190
2268,stellamarisaguaverde,thays.silva,5
2269,stellamarisaguaverde,thiago.vinicius,38
2270,stellamarisaguaverde,vilmara.goronzi,5
2271,stellamarisjuveve,adriane.becker,600
2272,stellamarisjuveve,alessandra.piola,489
2273,stellamarisjuveve,alexsandro.rodrigues,60
2274,stellamarisjuveve,ana.motas,36
2275,stellamarisjuveve,ana.zauer,27
2276,stellamarisjuveve,andrele.caroline,67
2277,stellamarisjuveve,aneli.regina,2800
2278,stellamarisjuveve,angelo.ricardo,103
2279,stellamarisjuveve,anita.jane,523
2280,stellamarisjuveve,bruna.francine,1
2281,stellamarisjuveve,christiane.ribeiro,10
2282,stellamarisjuveve,cintia.lopes,221
2283,stellamarisjuveve,cristiano.berkenbroch,1
2284,stellamarisjuveve,daniele.witt,665
2285,stellamarisjuveve,dione.siegel,8
2286,stellamarisjuveve,evelini.monte,255
2287,stellamarisjuveve,fabio.mendes,16
2288,stellamarisjuveve,fernanda.costa,333
2289,stellamarisjuveve,fernanda.felipe,112
2290,stellamarisjuveve,flavia.contin,199
2291,stellamarisjuveve,franciele.greboge,650
2292,stellamarisjuveve,francielle.da,26
2293,stellamarisjuveve,gabriela.fernandes,276
2294,stellamarisjuveve,giovanna.mazzaro,140
2295,stellamarisjuveve,giuliana.amaral,183
2296,stellamarisjuveve,gustavo.rodrigues,3
2297,stellamarisjuveve,heluisa.martins,81
2298,stellamarisjuveve,ivete.denise,247
2299,stellamarisjuveve,jessica.faro,183
2300,stellamarisjuveve,juliana.aparecida,27
2301,stellamarisjuveve,juliana.tokarski,240
2302,stellamarisjuveve,jurema.fernandes,8
2303,stellamarisjuveve,karen.christiane,969
2304,stellamarisjuveve,katia.burgel,264
2305,stellamarisjuveve,luana.liborio,251
2306,stellamarisjuveve,luis.carlos,4
2307,stellamarisjuveve,maicon.faccini,1
2308,stellamarisjuveve,manuella.galvao,105
2309,stellamarisjuveve,marcia.costa,73
2310,stellamarisjuveve,marilia.ianhez,347
2311,stellamarisjuveve,melissa.ginez,6
2312,stellamarisjuveve,milena.reis,46
2313,stellamarisjuveve,mozer.silveira,4
2314,stellamarisjuveve,natalia.magri,472
2315,stellamarisjuveve,nathan.rodrigues,197
2316,stellamarisjuveve,osvaldo.luis,4
2317,stellamarisjuveve,rafaela.shizuko,357
2318,stellamarisjuveve,rafaella.borsatti,88
2319,stellamarisjuveve,raul.alonso,30
2320,stellamarisjuveve,rosemari.laskos,720
2321,stellamarisjuveve,sabrina.titon,152
2322,stellamarisjuveve,sandra.kamarovski,244
2323,stellamarisjuveve,sandra.mara,250
2324,stellamarisjuveve,siddhartha.kumar,5
2325,stellamarisjuveve,silmar.martins,1894
2326,stellamarisjuveve,stefane.barbosa,64
2327,stellamarisjuveve,thamires.rossana,2
2328,stellamarisjuveve,thays.silva,30
2329,stellamarisjuveve,thiago.vinicius,763
2330,stellamarisjuveve,william.melo,2311
2331,stellamarisxaxim,amanda.zanatta,86
2332,stellamarisxaxim,daniela.teza,17
2333,stellamarisxaxim,denise.gama,233
2334,stellamarisxaxim,diego.lima,191
2335,stellamarisxaxim,edna.menezes,628
2336,stellamarisxaxim,emilia.noronha,241
2337,stellamarisxaxim,evandro.oliveira,182
2338,stellamarisxaxim,evelini.nascimento,38
2339,stellamarisxaxim,evellyn.bonoto,25
2340,stellamarisxaxim,fabio.jurachek,15
2341,stellamarisxaxim,fernanda.ramos,418
2342,stellamarisxaxim,francis.barbara,280
2343,stellamarisxaxim,francisco.teixeira,52
2344,stellamarisxaxim,giovana.natasha,84
2345,stellamarisxaxim,giovanna.valenza,19
2346,stellamarisxaxim,gisele.cristina,41
2347,stellamarisxaxim,gislaine.ferreira,874
2348,stellamarisxaxim,gustavo.rodrigues,1
2349,stellamarisxaxim,jaqueline.christina,228
2350,stellamarisxaxim,joice.mara,146
2351,stellamarisxaxim,josiana.falco,1343
2352,stellamarisxaxim,laiane.aires,20
2353,stellamarisxaxim,marcia.alves,680
2354,stellamarisxaxim,marcos.ramos,8
2355,stellamarisxaxim,nathan.lima,98
2356,stellamarisxaxim,pamela.fernandes,240
2357,stellamarisxaxim,patricia.rodrigues,78
2358,stellamarisxaxim,rosana.rocio,134
2359,stellamarisxaxim,silvana.campos,93
2360,stellamarisxaxim,simone.maria,32
2361,stellamarisxaxim,sonia.atherino,477
2362,stellamarisxaxim,talita.alves,593
2363,stellamarisxaxim,thiago.vasconcelos,250
2364,universitariolondrina,DEBORA.PAULA.SANTOS,8
2365,universitariolondrina,GIORDANA,4136
2366,universitariolondrina,HENRIQUE.FURTADO,1623
2367,universitariolondrina,VIVIANE.UNIVERSITARIO,930
2368,universitariolondrina,adriana.maciel.universitario,32
2369,universitariolondrina,ana.barbosa.universitario,2
2370,universitariolondrina,anderson.kikuchi.universitario,21
2371,universitariolondrina,camila.walter.universitario,3
2372,universitariolondrina,carlos.augusto.universitario,137
2373,universitariolondrina,carolina.paula.universitario,1396
2374,universitariolondrina,cassia.marques.universitario,229
2375,universitariolondrina,daisy.tedardi.universitario,366
2376,universitariolondrina,deise.suzumura.universitario,1590
2377,universitariolondrina,demetrio.junior.universitario,59
2378,universitariolondrina,diego.pianovski.universitario,8
2379,universitariolondrina,edilaine.rizzuto.universitario,591
2380,universitariolondrina,edmara.zamberlan.universitario,31
2381,universitariolondrina,edneia.pinho.universitario,803
2382,universitariolondrina,eduardo.favaro.universitario,125
2383,universitariolondrina,elaine.ramos.universitario,29
2384,universitariolondrina,elma.abelha.universitario,75
2385,universitariolondrina,fabiana.rechi.universitario,44
2386,universitariolondrina,fabiano.scalassara.universitario,12
2387,universitariolondrina,fernanda.socorro.universitario,950
2388,universitariolondrina,glauce.pagan.universitario,228
2389,universitariolondrina,graciano.beletti.universitario,2
2390,universitariolondrina,guilherme.mansano.universitario,1
2391,universitariolondrina,gustavo.corazza.universitario,29
2392,universitariolondrina,henrique.zotarelli.universitario,19
2393,universitariolondrina,ingrid.selegrin.universitario,522
2394,universitariolondrina,isabela.bacaro.universitario,16
2395,universitariolondrina,joelson.juliani.universitario,1
2396,universitariolondrina,josaine.pacheco.universitario,212
2397,universitariolondrina,julio.silva.universitario,189
2398,universitariolondrina,junio.silva.universitario,15
2399,universitariolondrina,kalahan.seleri.universitario,10
2400,universitariolondrina,larissa.alencar.universitario,23
2401,universitariolondrina,ligia.giovaninetti.universitario,172
2402,universitariolondrina,loren.chicilia,253
2403,universitariolondrina,lucas.andrade.universitario,1310
2404,universitariolondrina,lucas.negrao.universitario,24
2405,universitariolondrina,marcos.daniel.universitario,5
2406,universitariolondrina,matheus.favaro.universitario,577
2407,universitariolondrina,monica.costa.universitario,15
2408,universitariolondrina,paulo.inada.universitario,284
2409,universitariolondrina,rafael.canaveze.universitario,212
2410,universitariolondrina,rafael.pelaquim.universitario,347
2411,universitariolondrina,raphael.testa.universitario,226
2412,universitariolondrina,raquel.cardoso.universitario,183
2413,universitariolondrina,ricardo.santos.universitario,175
2414,universitariolondrina,rodolfo.funfas.universitario,17
2415,universitariolondrina,sandra.arcuri.universitario,227
2416,universitariolondrina,sergio.endo.universitario,700
2417,universitariolondrina,sidney.almeida.universitario,9
2418,universitariolondrina,simone.neves.universitario,50
2419,universitariolondrina,sonia.ribeiro.universitario,1
2420,universitariolondrina,sonia.sita.universitario,394
2421,universitariolondrina,taiane.silva.universitario,588
2422,universitariolondrina,tatiane.veigas.universitario,18
2423,universitariolondrina,univaldo.buranello.universitario,1
2424,universitariolondrina,vagner.pinto.universitario,3
2425,universitariolondrina,vanessa.goncalves.universitario,29
2426,universitariolondrina,vivian.piazza.universitario,1
2427,universobarcarena,alvaro.ayres1,64
2428,universobarcarena,ana.cristina1,19
2429,universobarcarena,antonio.carlos1,73
2430,universobarcarena,brenda.dias1,47
2431,universobarcarena,claudete.souza1,280
2432,universobarcarena,cleber.monteiro1,176
2433,universobarcarena,dalton.rodrigues1,84
2434,universobarcarena,elizabeth.ferreira1,13
2435,universobarcarena,ennyo.vinicios1,1
2436,universobarcarena,erika.tatiane1,55
2437,universobarcarena,estefany.bastos1,87
2438,universobarcarena,fabiany.machado1,1
2439,universobarcarena,fernanda.lima1,294
2440,universobarcarena,gedielson.soeiro1,29
2441,universobarcarena,helio.rebelo1,60
2442,universobarcarena,isabele.angelica1,200
2443,universobarcarena,jannia.erika1,17
2444,universobarcarena,joelma.pinheiro1,187
2445,universobarcarena,karen.fortuna1,66
2446,universobarcarena,lucas.moreira1,6
2447,universobarcarena,marcia.azevedo,37
2448,universobarcarena,marcio.ribeiro1,367
2449,universobarcarena,monica.monteiro1,48
2450,universobarcarena,natalia.magno1,19
2451,universobarcarena,paula.lago1,124
2452,universobarcarena,priscila.carvalho1,241
2453,universobarcarena,shirley.colonheis1,194
2454,universobarcarena,soraya.sacramento1,118
2455,villalobos,AlineMatiusso,257
2456,villalobos,AnaCarol,563
2457,villalobos,alineamm,1
2458,villalobos,amandamolina,197
2459,villalobos,angelovansan,5
2460,villalobos,barbaradellaroza,268
2461,villalobos,biancamilan,583
2462,villalobos,brunomachadomedeiros,102
2463,villalobos,caioalmeida,257
2464,villalobos,carolbalbino,255
2465,villalobos,danieladiab,26
2466,villalobos,danielagodoy,244
2467,villalobos,dimitrius,1134
2468,villalobos,edmilsons35,15
2469,villalobos,eduardomoreirasouza,637
2470,villalobos,educardocosta,116
2471,villalobos,fabiosampaio,1
2472,villalobos,fernandopagan,9
2473,villalobos,francinetescarolli,27
2474,villalobos,gabrielpiassa,79
2475,villalobos,ivanpiffer,3
2476,villalobos,joserossi,348
2477,villalobos,jubonetti,1063
2478,villalobos,laracazotto,173
2479,villalobos,larissamazzuco,160
2480,villalobos,ligiacr76,56
2481,villalobos,mariafernandav,862
2482,villalobos,mariaferrazza,125
2483,villalobos,marinacaleffi,21
2484,villalobos,nataliaferrari,1793
2485,villalobos,pauloschiavo,2
2486,villalobos,rafaelreisdeandrade,3
2487,villalobos,rosanadossantos,122
2488,villalobos,talitaariela,53
2489,villalobos,thiagobazani,51
2490,villalobos,tiagogrionnunes,118
2491,villalobos,valeriadepieri,86
2492,villalobos,valteralexandre,18
2493,villalobos,victorfortinizarrella,6
2494,villalobos,villa3130,270
2495,villalobos,vitoriagirol,62
